{"section":"c0-26","catch_line":"No catch line.","text":"That all warrants, without oath or affirmation, to search suspected places, or to seize any person or property, are grievous and oppressive; and all general warrants to search suspected places, or to apprehend suspected persons, without naming or describing the place, or the person in special, are illegal, and ought not to be granted.","history":null,"structure":{"0":{"label":"title","name":null,"identifier":"c0"},"1":{"label":"chapter","name":null,"identifier":"26"}}}