{"section":"c0-2","catch_line":"No catch line.","text":"The Constitution of the United States, and the Laws made, or which shall be made, in pursuance thereof, and all Treaties made, or which shall be made, under the authority of the United States, are, and shall be the Supreme Law of the State; and the Judges of this State, and all the People of this State, are, and shall be bound thereby; anything in the Constitution or Law of this State to the contrary notwithstanding.","history":null,"structure":{"0":{"label":"title","name":null,"identifier":"c0"},"1":{"label":"chapter","name":null,"identifier":"2"}}}