{"section":"c0-21","catch_line":"No catch line.","text":"That in all criminal prosecutions, every man hath a right to be informed of the accusation against him; to have a copy of the Indictment, or charge, in due time (if required) to prepare for his defence; to be allowed counsel; to be confronted with the witnesses against him; to have process for his witnesses; to examine the witnesses for and against him on oath; and to a speedy trial by an impartial jury, without whose unanimous consent he ought not to be found guilty.","history":null,"structure":{"0":{"label":"title","name":null,"identifier":"c0"},"1":{"label":"chapter","name":null,"identifier":"21"}}}