{"section":"c0-47","catch_line":"No catch line.","text":"(a) A victim of crime shall be treated by agents of the State with dignity, respect, and sensitivity during all phases of the criminal justice process.\r\r(b) In a case originating by indictment or information filed in a circuit court, a victim of crime shall have the right to be informed of the rights established in this Article and, upon request and if practicable, to be notified of, to attend, and to be heard at a criminal justice proceeding, as these rights are implemented and the terms \"crime\", \"criminal justice proceeding\", and \"victim\" are specified by law.\r\r(c) Nothing in this Article permits any civil cause of action for monetary damages for violation of any of its provisions or authorizes a victim of crime to take any action to stay a criminal justice proceeding.\r\r","history":null,"structure":{"0":{"label":"title","name":null,"identifier":"c0"},"1":{"label":"chapter","name":null,"identifier":"47"}}}