{"section":"c0-43","catch_line":"No catch line.","text":"That the Legislature ought to encourage the diffusion of knowledge and virtue, the extension of a judicious system of general education, the promotion of literature, the arts, sciences, agriculture, commerce and manufactures, and the general melioration of the condition of the People. The Legislature may provide that land actively devoted to farm or agricultural use shall be assessed on the basis of such use and shall not be assessed as if sub-divided.","history":null,"structure":{"0":{"label":"title","name":null,"identifier":"c0"},"1":{"label":"chapter","name":null,"identifier":"43"}}}