{"section":"c0-5","catch_line":"No catch line.","text":"(a) \r\r(b) The parties to any civil proceeding in which the right to a jury trial is preserved are entitled to a trial by jury of at least 6 jurors.\r\r(c) That notwithstanding the Common Law of England, nothing in this Constitution prohibits trial by jury of less than 12 jurors in any civil proceeding in which the right to a jury trial is preserved.\r\r","history":null,"structure":{"0":{"label":"title","name":null,"identifier":"c0"},"1":{"label":"chapter","name":null,"identifier":"5"}}}