{"section":"c0-6","catch_line":"No catch line.","text":"That all persons invested with the Legislative or Executive powers of Government are the Trustees of the Public, and, as such, accountable for their conduct: Wherefore, whenever the ends of Government are perverted, and public liberty manifestly endangered, and all other means of redress are ineffectual, the People may, and of right ought, to reform the old, or establish a new Government; the doctrine of non-resistance against arbitrary power and oppression is absurd, slavish and destructive of the good and happiness of mankind.","history":null,"structure":{"0":{"label":"title","name":null,"identifier":"c0"},"1":{"label":"chapter","name":null,"identifier":"6"}}}