{"section":"c0-7","catch_line":"No catch line.","text":"That the right of the People to participate in the Legislature is the best security of liberty and the foundation of all free Government; for this purpose, elections ought to be free and frequent; and every citizen having the qualifications prescribed by the Constitution, ought to have the right of suffrage.","history":null,"structure":{"0":{"label":"title","name":null,"identifier":"c0"},"1":{"label":"chapter","name":null,"identifier":"7"}}}