{"section":"c11-2","catch_line":"No catch line.","text":"The City Council of Baltimore shall consist of Two Branches, one of which shall be called the First Branch, and the other the Second Branch; and each shall consist of such number of members, having such qualification, receiving such compensation, performing such duties, possessing such powers, holding such terms of office, and elected in such manner, as are now, or may hereafter be prescribed by Law.","history":null,"structure":{"0":{"label":"title","name":null,"identifier":"c11"},"1":{"label":"chapter","name":null,"identifier":"2"}}}