{"section":"c11-4","catch_line":"No catch line.","text":"The regular session of the City Council of Baltimore, (which shall be annual,) shall commence on the third Monday of January of each year, and shall not continue more than ninety days, exclusive of Sundays; but the Mayor may convene the City Council in extra session whenever, and as often as it may appear to him that the public good may require; but no called, or extra session shall last longer than twenty days, exclusive of Sundays.","history":null,"structure":{"0":{"label":"title","name":null,"identifier":"c11"},"1":{"label":"chapter","name":null,"identifier":"4"}}}