{"section":"c11-3","catch_line":"No catch line.","text":"An election for members of the First and Second Branch of the City Council of Baltimore shall be held in the City of Baltimore on the fourth Wednesday of October, eighteen hundred and sixty-seven; and for members of the First Branch on the same day in every year thereafter; and for members of the Second Branch on the same day in every second year thereafter; and the qualification for electors of the members of the City Council shall be the same as those prescribed for the electors of Mayor.","history":null,"structure":{"0":{"label":"title","name":null,"identifier":"c11"},"1":{"label":"chapter","name":null,"identifier":"3"}}}