{"section":"c11b-2","catch_line":"No catch line.","text":"The General Assembly of Maryland may grant to the Mayor and City Council of Baltimore any and all additional power and authority necessary or proper to carry into full force and effect any and all of the specific powers which the General Assembly is authorized to grant to the Mayor and City Council of Baltimore pursuant to this Article and to fully accomplish any and all of the purposes and objects contemplated by the provisions of this Article, provided such additional power or authority is not inconsistent with the terms and provisions of this Article or with any other provision or provisions of the Constitution of Maryland. The General Assembly may place such other and further restrictions or limitations on the exercise of any of the powers which it may grant to the Mayor and City Council of Baltimore under the provisions of this Article as it may deem proper and expedient.","history":null,"structure":{"0":{"label":"title","name":null,"identifier":"c11b"},"1":{"label":"chapter","name":null,"identifier":"2"}}}