{"section":"c11b-1","catch_line":"No catch line.","text":"(a) To acquire, within the boundary lines of Baltimore City, land and property of every kind, and any right, interest, franchise, easement or privilege therein, by purchase, lease, gift, condemnation or any other legal means, for development or redevelopment, including, but not limited to, the comprehensive renovation or rehabilitation thereof; and\r\r(b) To sell, lease, convey, transfer or otherwise dispose of any of said land or property, regardless of whether or not it has been developed, redeveloped, altered or improved and irrespective of the manner or means in or by which it may have been acquired, to any private, public or quasi public corporation, partnership, association, person or other legal entity.\r\r","history":null,"structure":{"0":{"label":"title","name":null,"identifier":"c11b"},"1":{"label":"chapter","name":null,"identifier":"1"}}}