{"section":"c11c-3","catch_line":"No catch line.","text":"In addition to the powers granted and exercised under Sections 1 and 2, the Mayor and City Council of Baltimore may, by ordinance, borrow money to finance the establishment, construction, erection, alteration, expansion, enlarging, improving, equipping, repairing, maintaining, operating, controlling, and regulating of off-street parking facilities owned or to be owned by the Mayor and City Council of Baltimore, and evidence such borrowing by the issuance of revenue bonds, notes or other obligations to be secured by a pledge of the revenues derived from such facilities, and may further pledge revenues collected from parking taxes, parking fees or charges, parking fines or any other revenue derived from the parking of motor vehicles in the City of Baltimore to or for the payment of such revenue bonds, notes or other obligations; and for such purposes the Commissioners of Finance are empowered to maintain a fund consisting of the revenue pledged herein. The bonds, notes or other obligations issued hereunder and the pledge of revenues, taxes, fees, charges or fines provided for herein shall not constitute a general obligation of nor a pledge of the faith and credit or taxing power of the Mayor and City Council of Baltimore and shall not constitute a debt of the Mayor and City Council of Baltimore within the meaning of Section 7 of Article XI of the Constitution of Maryland. The ordinance may prescribe the form and terms of the bonds, notes or other obligations, the time and manner of public or private sale thereof, and the method and terms of payment therefor, and may authorize the Commissioners of Finance by resolution to determine any matters hereinabove recited and to do any and all things necessary or appropriate in connection with the issuance and sale thereof.","history":null,"structure":{"0":{"label":"title","name":null,"identifier":"c11c"},"1":{"label":"chapter","name":null,"identifier":"3"}}}