{"section":"c11c-1","catch_line":"No catch line.","text":"(a) Within the City of Baltimore to acquire land and property of every kind, and any right, interest, franchise, easement or privilege therein, by purchase, lease, gift, condemnation or any other legal means, for storing, parking and servicing self-propelled vehicles, provided, that no petroleum products shall be sold or offered for sale at any entrance to or exit from, any land so acquired or at any entrance to, or exit from, any structure erected thereon, when any entrance to, or exit from, any such land or structure faces on a street or highway which is more than 25 feet wide from curb to curb; and\r\r(b) To sell, lease, convey, transfer or otherwise dispose of any of said land or property, regardless of whether or not it has been developed, redeveloped, altered, or improved and irrespective of the manner or means in or by which it may have been acquired, to any private, public or quasi public corporation, partnership, association, person or other legal entity.\r\r","history":null,"structure":{"0":{"label":"title","name":null,"identifier":"c11c"},"1":{"label":"chapter","name":null,"identifier":"1"}}}