{"section":"c11d-1","catch_line":"No catch line.","text":"(a) To acquire land and property of every kind, and any right, interest, franchise, easement or privilege therein, in adjoining or in the vicinity of the Patapsco River or its tributaries, by purchase, lease, gift, condemnation or any other legal means, for or in connection with extending, developing or improving the harbor or port of Baltimore and its facilities and the highways and approaches thereto; and providing, further, that the Mayor and City Council of Baltimore shall not acquire any such land or property, or any such right, interest, franchise, easement or privilege therein, for any of said purposes, in any of the counties of this State without the prior consent and approval by resolution duly passed after a public hearing, by the governing body of the county in which such land or property, or such right, interest, franchise, easement or privilege therein, is situate; and provided, further, that Anne Arundel County shall retain jurisdiction and power to tax any land so acquired by the Mayor and City Council of Baltimore under the provisions of this Act.\r\r(b) To sell, lease, convey, transfer or otherwise dispose of any of said land or property, regardless of whether or not it is undeveloped or has been developed, redeveloped, altered, or improved and irrespective of the manner or means in or by which it may have been acquired, to any private, public or quasi public corporation, partnership, association, person or other legal entity.\r\r","history":null,"structure":{"0":{"label":"title","name":null,"identifier":"c11d"},"1":{"label":"chapter","name":null,"identifier":"1"}}}