{"section":"c11d-3","catch_line":"No catch line.","text":"Provided, however, that no public local law enacted under the provisions and authority of this Article shall be enacted or construed to authorize the Mayor and City Council of Baltimore to exercise or apply any of the powers or authority in this Article enumerated within the territorial limits of Howard County.","history":null,"structure":{"0":{"label":"title","name":null,"identifier":"c11d"},"1":{"label":"chapter","name":null,"identifier":"3"}}}