{"section":"c11e-4","catch_line":"No catch line.","text":"The adoption of a new charter, the amendment of any charter or local laws, or the repeal of any part of a charter or local laws shall be proposed either by a resolution of the legislative body of any such municipal corporation or by a petition containing the signatures of at least five per cent of the registered voters of a municipal corporation and filed with the legislative body of said municipal corporation. The General Assembly shall amplify the provisions of this section by general law in any manner not inconsistent with this Article.","history":null,"structure":{"0":{"label":"title","name":null,"identifier":"c11e"},"1":{"label":"chapter","name":null,"identifier":"4"}}}