{"section":"c11f-2","catch_line":"No catch line.","text":"The governing body of any county, by a vote of at least two-thirds of the members elected thereto, may propose by resolution that the county become a code county and be governed by the provisions of this Article. Upon the adoption of such a resolution, it shall be certified to the Board of Supervisors of Elections in the county, which Board (pursuant to the election laws of the State) shall submit to the voters of the county at the next ensuing general election the question whether the resolution shall be approved or rejected. If in the referendum a majority of those persons voting on this question vote for the resolution, the resolution is approved, and the county shall become a code county under the provisions of this Article, on the thirtieth day after the election. If in the referendum a majority of those persons voting on this question vote against the resolution, the resolution is rejected, and of no further effect.","history":null,"structure":{"0":{"label":"title","name":null,"identifier":"c11f"},"1":{"label":"chapter","name":null,"identifier":"2"}}}