{"section":"c11f-1","catch_line":"No catch line.","text":"For the purposes of this Article, (1) \"code county\" means a county which is not a charter county under Article 11A of this Constitution and has adopted the optional powers of home rule provided under this Article; and (2) \"public local law\" means a law applicable to the incorporation, organization, or government of a code county and contained in the county's code of public local laws; but this latter term specifically does not include (i) the charters of municipal corporations under Article 11E of this Constitution, (ii) the laws or charters of counties under Article 11A of this Constitution, (iii) laws, whether or not Statewide in application, in the code of public general laws, (iv) laws which apply to more than one county, and (v) ordinances and resolutions of the county government enacted under public local laws.","history":null,"structure":{"0":{"label":"title","name":null,"identifier":"c11f"},"1":{"label":"chapter","name":null,"identifier":"1"}}}