{"section":"c11f-9","catch_line":"No catch line.","text":"A code county shall not levy any type of tax, license fee, franchise tax, or fee which was not in effect or authorized in the code county at the time it came under the provisions of this Article, until an express authorization of the General Assembly has been enacted for this purpose by a general law which in its terms and effect applies alike to all code counties in one or more of the classes provided for in Section 5 of this Article.","history":null,"structure":{"0":{"label":"title","name":null,"identifier":"c11f"},"1":{"label":"chapter","name":null,"identifier":"9"}}}