{"section":"c11h-1","catch_line":"No catch line.","text":"(a) To make or contract to make financial loans to any person or other legal entity to be used for or in connection with the purchase, acquisition, construction, erection or development of buildings or structures, including any land necessary therefor, within the boundaries of Baltimore City, which buildings or structures are to be used or occupied for residential purposes.\r\r(b) To guarantee or insure financial loans made by third parties to any person or other legal entity which are to be used for or in connection with the purchase, acquisition, construction, erection or development of buildings or structures, including any land necessary therefor, within the boundaries of Baltimore City, which buildings or structures are to be used or occupied for residential purposes.\r\r(c) Any and all financial loans made by the Mayor and City Council of Baltimore; any and all guarantees or insurance commitments made by the Mayor and City Council of Baltimore in connection with any of the loans; and any and all money used or expended by the Mayor and City Council of Baltimore in connection with the loans, guarantees, or insurance commitments, pursuant to the power and authority hereinabove vested in the municipality, and any and all acts performed by the Mayor and City Council of Baltimore in connection with any powers which may be granted to the Mayor and City Council of Baltimore pursuant to this Article, are all declared to be needed, contracted for, expended or exercised for a public use.\r\r(d) In the event of any conflict between the provisions of this Article and those of Article XI, Section 7, of the Constitution of Maryland, or any other provisions of the Constitution, then the provisions of this Article shall control.\r\r","history":null,"structure":{"0":{"label":"title","name":null,"identifier":"c11h"},"1":{"label":"chapter","name":null,"identifier":"1"}}}