{"section":"c12-1","catch_line":"No catch line.","text":"The Governor, the Comptroller of the Treasury and the Treasurer, shall constitute the Board of Public Works in this State. They shall keep a journal of their proceedings, and shall hold regular sessions in the City of Annapolis, on the first Wednesday in January, April, July and October, in each year, and oftener, if necessary; at which sessions they shall hear and determine such matters as affect the Public Works of the State, and as the General Assembly may confer upon them the power to decide.","history":null,"structure":{"0":{"label":"title","name":null,"identifier":"c12"},"1":{"label":"chapter","name":null,"identifier":"1"}}}