{"section":"c12-3","catch_line":"No catch line.","text":"(a) The Board of Public Works is hereby authorized, subject to such regulations and conditions as the General Assembly may from time to time prescribe, to sell the State's interest in all works of Internal Improvement, whether as a stockholder or a creditor, and also the State's interest in any banking corporation, receiving in payment the bonds and registered debt now owing by the State, equal in amount to the price obtained for the State's said interest.\r\r(b) The Board of Public Works may not approve the sale, transfer, exchange, grant, or other permanent disposition of any State-owned outdoor recreation, open space, conservation, preservation, forest, or park land without the express approval of the General Assembly or of a committee that the General Assembly designates by statute, resolution, or rule.\r\r","history":null,"structure":{"0":{"label":"title","name":null,"identifier":"c12"},"1":{"label":"chapter","name":null,"identifier":"3"}}}