{"section":"c14-1","catch_line":"No catch line.","text":"The General Assembly may propose Amendments to this Constitution; provided that each Amendment shall be embraced in a separate bill, embodying the Article or Section, as the same will stand when amended and passed by three-fifths of all the members elected to each of the two Houses, by yeas and nays, to be entered on the Journals with the proposed Amendment. The requirement in this section that an amendment proposed by the General Assembly shall be embraced in a separate bill shall not be construed or applied to prevent the General Assembly from (1) proposing in one bill a series of amendments to the Constitution of Maryland for the general purpose of removing or correcting constitutional provisions which are obsolete, inaccurate, invalid, unconstitutional, or duplicative; or (2) embodying in a single Constitutional amendment one or more Articles of the Constitution so long as that Constitutional amendment embraces only a single subject. The bill or bills proposing amendment or amendments shall be publicized, either by publishing, by order of the Governor, in at least two newspapers, in each County, where so many may be published, and where not more than one may be published, then in that newspaper, and in three newspapers published in the City of Baltimore, once a week for four weeks, or as otherwise ordered by the Governor in a manner provided by law, immediately preceding the next ensuing general election, at which the proposed amendment or amendments shall be submitted, in a form to be prescribed by the General Assembly, to the qualified voters of the State for adoption or rejection. The votes cast for and against said proposed amendment or amendments, severally, shall be returned to the Governor, in the manner prescribed in other cases, and if it shall appear to the Governor that a majority of the votes cast at said election on said amendment or amendments, severally, were cast in favor thereof, the Governor shall, by his proclamation, declare the said amendment or amendments having received said majority of votes, to have been adopted by the people of Maryland as part of the Constitution thereof, and thenceforth said amendment or amendments shall be part of the said Constitution. If the General Assembly determines that a proposed Constitutional amendment affects only one county or the City of Baltimore, the proposed amendment shall be part of the Constitution if it receives a majority of the votes cast in the State and in the affected County or City of Baltimore, as the case may be. When two or more amendments shall be submitted to the voters of this State at the same election, they shall be so submitted as that each amendment shall be voted on separately.","history":null,"structure":{"0":{"label":"title","name":null,"identifier":"c14"},"1":{"label":"chapter","name":null,"identifier":"1"}}}