{"section":"c15-3","catch_line":"No catch line.","text":"No person who is a member of an organization that advocates the overthrow of the Government of the United States or of the State of Maryland through force or violence shall be eligible to hold any office, be it elective or appointive, or any other position of profit or trust in the Government of or in the administration of the business of this State or of any county, municipality or other political subdivision of this State.","history":null,"structure":{"0":{"label":"title","name":null,"identifier":"c15"},"1":{"label":"chapter","name":null,"identifier":"3"}}}