{"section":"c16-1","catch_line":"No catch line.","text":"(a) The people reserve to themselves power known as The Referendum, by petition to have submitted to the registered voters of the State, to approve or reject at the polls, any Act, or part of any Act of the General Assembly, if approved by the Governor, or, if passed by the General Assembly over the veto of the Governor;\r\r(b) The provisions of this Article shall be self-executing; provided that additional legislation in furtherance thereof and not in conflict therewith may be enacted.\r\r","history":null,"structure":{"0":{"label":"title","name":null,"identifier":"c16"},"1":{"label":"chapter","name":null,"identifier":"1"}}}