{"section":"c17-3","catch_line":"No catch line.","text":"All State and county officers elected by qualified voters (except judges of the Circuit Courts, judges of the Supreme Bench of Baltimore City, judges of the Court of Appeals and judges of any intermediate courts of appeal) shall hold office for terms of four years, and until their successors shall qualify.","history":null,"structure":{"0":{"label":"title","name":null,"identifier":"c17"},"1":{"label":"chapter","name":null,"identifier":"3"}}}