{"section":"c17-4","catch_line":"No catch line.","text":"The term of office of all Judges and other officers, for whose election provision is made by this Constitution, shall, except in cases otherwise expressly provided herein, commence from the time of their Election. All such officers shall qualify as soon after their election as practicable, and shall enter upon the duties of their respective offices immediately upon their qualification.","history":null,"structure":{"0":{"label":"title","name":null,"identifier":"c17"},"1":{"label":"chapter","name":null,"identifier":"4"}}}