{"section":"c17-2","catch_line":"No catch line.","text":"Except for a special election that may be authorized to fill a vacancy in a County Council under Article XI-A, Section 3 of the Constitution, elections by qualified voters for State and county officers shall be held on the Tuesday next after the first Monday of November, in the year nineteen hundred and twenty-six, and on the same day in every fourth year thereafter.","history":null,"structure":{"0":{"label":"title","name":null,"identifier":"c17"},"1":{"label":"chapter","name":null,"identifier":"2"}}}