{"section":"c17-1","catch_line":"No catch line.","text":"The purpose of this Article is to reduce the number of elections by providing that all State and county elections shall be held only in every fourth year, and at the time provided by law for holding congressional elections, and to bring the terms of appointive officers into harmony with the changes effected in the time of the beginning of the terms of elective officers. The administrative and judicial officers of the State shall construe the provisions of this Article so as to effectuate that purpose. For the purpose of this Article only the word \"officers\" shall be construed to include those holding positions and other places of employment in the state and county governments whose terms are fixed by law, but it shall not include any appointments made by the Board of Public Works, nor appointments by the Governor for terms of three years.","history":null,"structure":{"0":{"label":"title","name":null,"identifier":"c17"},"1":{"label":"chapter","name":null,"identifier":"1"}}}