{"section":"c18-4","catch_line":"No catch line.","text":"(a) For the purpose of implementing the amendment proposed by House Bill 635 of 1994 concerning the boundaries of the appellate judicial circuits from which members of the Court of Appeals are appointed, this Section temporarily is part of Article IV - Judiciary Department, Section 14 of the Constitution. This Section shall expire, in accordance with Article XIV, Section 1A of the Constitution, when under the provisions of subsections (b), (c), (d), and (e) of this section, all of the judges of the Court of Appeals on January 12, 1994, or their successors appointed before the effective date of House Bill 635 of 1994 have vacated their offices.\r\r(b) Except as provided in subsection (d) of this Section, the provisions of House Bill 635 of 1994 may not be construed to limit or otherwise affect the terms or appointments of the judges of the Court of Appeals who are in office on the effective date of House Bill 635 of 1994.\r\r(c) The judges of the Court of Appeals in office on January 12, 1994, or their successors, shall be deemed to be serving appointments as follows:\r\r(d) An appointment to fill a vacancy on the Court of Appeals, following the adoption of the amendment proposed by House Bill 635 of 1994 by the voters of this State in accordance with the provisions of Article XIV of the Constitution of the State, shall be made in accordance with the provisions of Article IV, Section 14 of the Constitution of the State.\r\r(e) Each judge of the Court of Appeals in office on January 12, 1994, or the judge's successor, shall be eligible to continue to serve on the Court:\r\r","history":null,"structure":{"0":{"label":"title","name":null,"identifier":"c18"},"1":{"label":"chapter","name":null,"identifier":"4"}}}