{"section":"c18-3","catch_line":"No catch line.","text":"Of the methods of election of county commissioners authorized by Section 1 of Article VII, and of members of county councils authorized by Section 3A(a) of Article XI-A, of this Act, that method in effect in each county immediately preceding the effective date of this Act shall remain in effect unless changed on or after that date pursuant to this Constitution.","history":null,"structure":{"0":{"label":"title","name":null,"identifier":"c18"},"1":{"label":"chapter","name":null,"identifier":"3"}}}