{"section":"c18-5","catch_line":"No catch line.","text":"(a) For the purpose of implementing the amendments proposed by House Bill 916 of 1995 concerning the membership of the Commission on Judicial Disabilities, this section temporarily is part of Article IV - Judiciary Department, Section 4A of the Constitution. This section shall expire, in accordance with Article XIV, Section 1A of the Constitution, when the terms of the members initially appointed to fill the five new memberships added to the Commission under House Bill 916 of 1995 have expired in accordance with subsection (b) of this section.\r\r(b) \r\r(c) For the purpose of implementing the elimination of one of the four judicial memberships, the following provisions apply:\r\r","history":null,"structure":{"0":{"label":"title","name":null,"identifier":"c18"},"1":{"label":"chapter","name":null,"identifier":"5"}}}