{"section":"c19-1","catch_line":"No catch line.","text":"(a) This article does not apply to:\r\r(b) In this article, \"video lottery operation license\" means a license issued to a person that allows players to operate video lottery terminals.\r\r(c) \r\r(d) Except as provided in subsection (e) of this section, on or after November 15, 2008, the General Assembly may not authorize any additional forms or expansion of commercial gaming.\r\r(e) The General Assembly may only authorize additional forms or expansion of commercial gaming if approval is granted through a referendum, authorized by an act of the General Assembly, in a general election by a majority of the qualified voters in the State.\r\r(f) The General Assembly may, from time to time, enact such laws not inconsistent with this section, as may be necessary and proper to carry out its provisions.\r\r","history":null,"structure":{"0":{"label":"title","name":null,"identifier":"c19"},"1":{"label":"chapter","name":null,"identifier":"1"}}}