{"section":"c2-10A","catch_line":"No catch line.","text":"(a) Except as provided in subsection (b) of this section, a Governor may not appoint a person to an office in the Executive Branch of State Government during:\r\r(b) In an emergency during the periods described in subsection (a) of this section, a Governor may appoint a person to an office in the Executive Branch that the Governor has the power to fill on a temporary basis upon filing a statement of emergency with the Secretary of State. Appointments made under this subsection are subject to the approval of the next succeeding Governor, who may remove the temporary officeholder and appoint a replacement.\r\r","history":null,"structure":{"0":{"label":"title","name":null,"identifier":"c2"},"1":{"label":"chapter","name":null,"identifier":"10A"}}}