{"section":"c2-15","catch_line":"No catch line.","text":"The Governor may suspend or arrest any military officer of the State for disobedience of orders, or other military offense; and may remove him in pursuance of the sentence of a Court-Martial; and may remove for incompetency, or misconduct, all civil officers who received appointment from the Executive for a term of years.","history":null,"structure":{"0":{"label":"title","name":null,"identifier":"c2"},"1":{"label":"chapter","name":null,"identifier":"15"}}}