{"section":"c2-16","catch_line":"No catch line.","text":"The Governor shall convene the Legislature, or the Senate alone, on extraordinary occasions; and whenever from the presence of an enemy, or from any other cause, the seat of Government shall become an unsafe place for the meeting of the Legislature, he may direct their sessions to be held at some other convenient place.","history":null,"structure":{"0":{"label":"title","name":null,"identifier":"c2"},"1":{"label":"chapter","name":null,"identifier":"16"}}}