{"section":"c2-14","catch_line":"No catch line.","text":"If a vacancy shall occur, during the session of the Senate, in any office which the Governor and Senate have the power to fill, the Governor shall nominate to the Senate before its final adjournment, a proper person to fill said vacancy, unless such vacancy occurs within ten days before said final adjournment.","history":null,"structure":{"0":{"label":"title","name":null,"identifier":"c2"},"1":{"label":"chapter","name":null,"identifier":"14"}}}