{"section":"c2-23","catch_line":"No catch line.","text":"The Secretary of State shall carefully keep and preserve a Record of all official acts and proceedings, which may at all times be inspected by a committee of either Branch of the Legislature; and he shall perform such other duties as may be prescribed by Law, or as may properly belong to his office, together with all clerical duty belonging to the Executive Department.","history":null,"structure":{"0":{"label":"title","name":null,"identifier":"c2"},"1":{"label":"chapter","name":null,"identifier":"23"}}}