{"section":"c2-2","catch_line":"No catch line.","text":"An election for Governor and Lieutenant Governor, under this Constitution, shall be held on the Tuesday next after the first Monday of November, in the year nineteen hundred and seventy-four, and on the same day and month in every fourth year thereafter, at the places of voting for Delegates to the General Assembly; and every person qualified to vote for Delegate, shall be qualified and entitled to vote for Governor and Lieutenant Governor; the election to be held in the same manner as the election of Delegates, and the returns thereof, under seal, to be addressed to the Speaker of the House of Delegates, and enclosed and transmitted to the Secretary of State, and delivered to said Speaker, at the commencement of the session of the General Assembly, next ensuing said election.","history":null,"structure":{"0":{"label":"title","name":null,"identifier":"c2"},"1":{"label":"chapter","name":null,"identifier":"2"}}}