{"section":"c2-22","catch_line":"No catch line.","text":"A Secretary of State shall be appointed by the Governor, by and with the advice and consent of the Senate, who shall continue in office, unless sooner removed by the Governor, till the end of the official term of the Governor from whom he received his appointment, and receive such annual salary as the General Assembly may from time to time by law prescribe.","history":null,"structure":{"0":{"label":"title","name":null,"identifier":"c2"},"1":{"label":"chapter","name":null,"identifier":"22"}}}