{"section":"c2-21","catch_line":"No catch line.","text":"The Governor shall reside at the seat of government, and, from and after the fourth Wednesday in January 1967, shall receive for his services an annual salary of twenty-five thousand dollars, except that beginning in the year 1978 the salary of the Governor shall be as provided in Section 21A of this Article.","history":null,"structure":{"0":{"label":"title","name":null,"identifier":"c2"},"1":{"label":"chapter","name":null,"identifier":"21"}}}