{"section":"c2-3","catch_line":"No catch line.","text":"The Speaker of the House of Delegates shall then open the said Returns, in the presence of both Houses; and the persons having the highest number of votes for these offices, and being constitutionally eligible, shall be the Governor and Lieutenant Governor, and shall qualify, in the manner herein prescribed, on the third Wednesday of January next ensuing his election, or as soon thereafter as may be practicable.","history":null,"structure":{"0":{"label":"title","name":null,"identifier":"c2"},"1":{"label":"chapter","name":null,"identifier":"3"}}}