{"section":"c3-10","catch_line":"No catch line.","text":"No member of Congress, or person holding any civil, or military office under the United States, shall be eligible as a Senator, or Delegate; and if any person shall after his election as Senator, or Delegate, be elected to Congress, or be appointed to any office, civil, or military, under the Government of the United States, his acceptance thereof, shall vacate his seat; except that a Senator or Delegate may be a member of a reserve component of the armed forces of the United States or a member of the militia of the United States or this State.","history":null,"structure":{"0":{"label":"title","name":null,"identifier":"c3"},"1":{"label":"chapter","name":null,"identifier":"10"}}}