{"section":"c3-23","catch_line":"No catch line.","text":"Each House may punish by imprisonment, during the session of the General Assembly, any person, not a member, for disrespectful, or disorderly behaviour in its presence, or for obstructing any of its proceedings, or any of its officers in the execution of their duties; provided, such imprisonment shall not, at any one time, exceed ten days.","history":null,"structure":{"0":{"label":"title","name":null,"identifier":"c3"},"1":{"label":"chapter","name":null,"identifier":"23"}}}