{"section":"c3-38","catch_line":"No catch line.","text":"No person shall be imprisoned for debt, but a valid decree of a court of competent jurisdiction or agreement approved by decree of said court for the support of a spouse or dependent children, or for the support of an illegitimate child or children, or for alimony (either common law or as defined by statute), shall not constitute a debt within the meaning of this section.","history":null,"structure":{"0":{"label":"title","name":null,"identifier":"c3"},"1":{"label":"chapter","name":null,"identifier":"38"}}}