{"section":"c3-45","catch_line":"No catch line.","text":"The General Assembly shall provide a simple and uniform system of charges in the offices of Clerks of Courts and Registers of Wills, in the Counties of this State and the City of Baltimore, and for the collection thereof; provided, the amount of compensation to any of the said officers in the various Counties and in the City of Baltimore shall be such as may be prescribed by law.","history":null,"structure":{"0":{"label":"title","name":null,"identifier":"c3"},"1":{"label":"chapter","name":null,"identifier":"45"}}}