{"section":"c3-61","catch_line":"No catch line.","text":"(a) The General Assembly may authorize and empower any county or any municipal corporation, by public local law:\r\r(b) The General Assembly may grant to any county or any municipal corporation, by public local law, any and all additional power and authority necessary or proper to carry into full force and effect any and all of the specific powers authorized by this section and to fully accomplish any and all of the purposes and objects contemplated by the provisions of this section, provided such additional power or authority is not inconsistent with the terms and provisions of this section or with any other provision or provisions of the Constitution of Maryland.\r\r(c) The General Assembly of Maryland, by public local law, may establish or authorize the establishment of a public body or agency to undertake in a county or municipal corporation (other than Baltimore City) the activities authorized by this section, and may provide that any or all of the powers, except the power of taxation, herein authorized to be granted to such county or municipal corporation shall be vested in such public body or agency or in any existing public body or agency.\r\r(d) The General Assembly may place such other and further restrictions or limitations on the exercise of any of the powers provided for in this section, as it may deem proper and expedient.\r\r(e) The provisions of this section are independent of, and shall in no way affect, the powers granted under Article XIB of the Constitution of Maryland, title \"City of Baltimore -- Land Development and Redevelopment.\" Also, the power provided in this section for the General Assembly to enact public local laws authorizing any municipal corporation or any county to carry out urban renewal projects prevails over the restrictions contained in Article 11A \"Local Legislation\" and in Article 11E \"Municipal Corporations\" of this Constitution.\r\r","history":null,"structure":{"0":{"label":"title","name":null,"identifier":"c3"},"1":{"label":"chapter","name":null,"identifier":"61"}}}