{"section":"c3-60","catch_line":"No catch line.","text":"The General Assembly of Maryland shall have the power to provide by suitable general enactment (a) for the suspension of sentence by the Court in criminal cases; (b) for any form of the indeterminate sentence in criminal cases, and (c) for the release upon parole in whatever manner the General Assembly may prescribe, of convicts imprisoned under sentence for crimes.","history":null,"structure":{"0":{"label":"title","name":null,"identifier":"c3"},"1":{"label":"chapter","name":null,"identifier":"60"}}}