{"section":"c3-9","catch_line":"No catch line.","text":"A person is eligible to serve as a Senator or Delegate, who on the date of his election, (1) is a citizen of the State of Maryland, (2) has resided therein for at least one year next preceding that date, and (3) if the district which he has been chosen to represent has been established for at least six months prior to the date of his election, has resided in that district for six months next preceding that date.","history":null,"structure":{"0":{"label":"title","name":null,"identifier":"c3"},"1":{"label":"chapter","name":null,"identifier":"9"}}}