{"section":"c4-18","catch_line":"No catch line.","text":"(a) The Court of Appeals from time to time shall adopt rules and regulations concerning the practice and procedure in and the administration of the appellate courts and in the other courts of this State, which shall have the force of law until rescinded, changed or modified by the Court of Appeals or otherwise by law. The power of courts other than the Court of Appeals to make rules of practice and procedure, or administrative rules, shall be subject to the rules and regulations adopted by the Court of Appeals or otherwise by law.\r\r(b) \r\r","history":null,"structure":{"0":{"label":"title","name":null,"identifier":"c4"},"1":{"label":"chapter","name":null,"identifier":"18"}}}