{"section":"c4-15","catch_line":"No catch line.","text":"Any judge of the Court of Appeals or of an intermediate court of appeal who heard the cause below either as a trial judge or as a judge of any intermediate court of appeal as the case may be shall not participate in the decision. In every case an opinion, in writing, shall be filed within three months after the argument, or submission of the cause; and the judgment of the Court of Appeals shall be final and conclusive.","history":null,"structure":{"0":{"label":"title","name":null,"identifier":"c4"},"1":{"label":"chapter","name":null,"identifier":"15"}}}