{"section":"c4-1","catch_line":"No catch line.","text":"The Judicial power of this State is vested in a Court of Appeals, such intermediate courts of appeal as the General Assembly may create by law, Circuit Courts, Orphans' Courts, and a District Court. These Courts shall be Courts of Record, and each shall have a seal to be used in the authentication of all process issuing from it.","history":null,"structure":{"0":{"label":"title","name":null,"identifier":"c4"},"1":{"label":"chapter","name":null,"identifier":"1"}}}