{"section":"c4-11","catch_line":"No catch line.","text":"The election for Judges, hereinbefore provided, and all elections for Clerks, Registers of Wills, and other officers, provided in this Constitution, except State's Attorneys, shall be certified, and the returns made, by the Clerks of the Circuit Courts of the Counties, and the Clerk of the Superior Court of Baltimore City, respectively, to the Governor, who shall issue commissions to the different persons for the offices to which they shall have been, respectively, elected; and in all such elections for officers other than judges of an appellate court, the person having the greatest number of votes, shall be declared to be elected.","history":null,"structure":{"0":{"label":"title","name":null,"identifier":"c4"},"1":{"label":"chapter","name":null,"identifier":"11"}}}