{"section":"c4-14B","catch_line":"No catch line.","text":"No member of the General Assembly at which the addition of Section 14A was proposed, if otherwise qualified, shall be ineligible for appointment or election as a judge of any intermediate court of appeal, established by law by the General Assembly pursuant to said Section 14A, by reason of his membership in such General Assembly.","history":null,"structure":{"0":{"label":"title","name":null,"identifier":"c4"},"1":{"label":"chapter","name":null,"identifier":"14B"}}}