{"section":"c4-13","catch_line":"No catch line.","text":"All Public Commissions and Grants shall run thus: \"The State of Maryland, etc.,\" and shall be signed by the Governor, with the Seal of the State annexed; all writs and process shall run in the same style, and be tested, sealed and signed, as heretofore, or as may hereafter be, provided by Law; and all indictments shall conclude, \"against the peace, government and dignity of the State.\"","history":null,"structure":{"0":{"label":"title","name":null,"identifier":"c4"},"1":{"label":"chapter","name":null,"identifier":"13"}}}