{"section":"c4-41B","catch_line":"No catch line.","text":"The District Court shall consist of the number of judges prescribed by law. The State shall be divided by law into districts. Each district shall consist of one county or two or more entire and adjoining counties. The number of Judges shall be allocated among the districts by law, and there shall be at least one District Court judge resident in each district. In any district containing more than one county, there shall be at least one District Court Judge resident in each county in the district. Functional divisions of the District Court may be established in any district.","history":null,"structure":{"0":{"label":"title","name":null,"identifier":"c4"},"1":{"label":"chapter","name":null,"identifier":"41B"}}}