{"section":"c4-4A","catch_line":"No catch line.","text":"(a) There is a Commission on Judicial Disabilities composed of eleven persons appointed by the Governor of Maryland, by and with the advice and consent of the Senate.\r\r(b) The members of the Commission shall be citizens and residents of this State.\r\r(c) \r\r(d) The term of office of each member is four years commencing on January 1 following the expiration of the member's predecessor's term. A member may not serve more than two four-year terms, or for more than a total of ten years if appointed to fill a vacancy.\r\r(e) A member's membership automatically terminates:\r\r(f) Any vacancies on the Commission shall be filled for the unexpired term by the Governor in the same manner as for making of appointments to the Commission and subject to the same qualifications which were applicable to the person causing the vacancy.\r\r(g) A member of the Commission may not receive any compensation for the member's services as such but shall be allowed any expenses necessarily incurred in the performance of the member's duties as such member.\r\r","history":null,"structure":{"0":{"label":"title","name":null,"identifier":"c4"},"1":{"label":"chapter","name":null,"identifier":"4A"}}}