{"section":"c4-40","catch_line":"No catch line.","text":"(a) The qualified voters of the several Counties, except Montgomery County and Harford County, shall elect three Judges of the Orphans' Courts of Counties who shall be citizens of the State and residents, for the twelve months preceding, in the County for which they may be elected.\r\r(b) The qualified voters of the City of Baltimore shall elect three Judges of the Orphans' Court for Baltimore City who shall be citizens of the State and residents, for the twelve months preceding, in Baltimore City and who have been admitted to practice law in this State and are members in good standing of the Maryland Bar.\r\r(c) The qualified voters of Baltimore County shall elect three Judges of the Orphans' Court for Baltimore County who shall be citizens of the State and residents, for the twelve months preceding, in Baltimore County and who have been admitted to practice law in this State and are members in good standing of the Maryland Bar.\r\r(d) The Judges shall have all the powers now vested in the Orphans' Courts of the State, subject to such changes as the Legislature may prescribe.\r\r(e) Each of the Judges shall be paid such compensation as may be regulated by Law, to be paid by the City or Counties, respectively.\r\r(f) In case of a vacancy in the office of Judge of the Orphans' Court, the Governor shall appoint, subject to confirmation or rejection by the Senate, some suitable person to fill the vacancy for the residue of the term.\r\r","history":null,"structure":{"0":{"label":"title","name":null,"identifier":"c4"},"1":{"label":"chapter","name":null,"identifier":"40"}}}