{"section":"c4-41A","catch_line":"No catch line.","text":"The District Court shall have the original jurisdiction prescribed by law. Jurisdiction of the District Court shall be uniform throughout the State; except that in Montgomery County and other counties and the City of Baltimore, the Court may have such jurisdiction over juvenile causes as is provided by law.","history":null,"structure":{"0":{"label":"title","name":null,"identifier":"c4"},"1":{"label":"chapter","name":null,"identifier":"41A"}}}