{"section":"c4-41C","catch_line":"No catch line.","text":"Each District Court judge shall devote full time to his judicial duties, shall have the qualifications prescribed by Section 2 of this Article, and shall be a resident of the district in which he holds office. The number of judges for any district may be increased or decreased by the General Assembly from time to time, subject to the requirements of Section 41B of this Article, and any vacancy so created shall be filled as provided in Section 41D of this Article.","history":null,"structure":{"0":{"label":"title","name":null,"identifier":"c4"},"1":{"label":"chapter","name":null,"identifier":"41C"}}}