{"section":"c4-44","catch_line":"No catch line.","text":"There shall be elected in each county and in Baltimore City one person, resident in said county or City, above the age of twenty-five years, and for at least five years preceding his election a citizen of the State, to the office of Sheriff. He shall hold office for four years, until his successor is duly elected and qualified, give such bond, exercise such powers and perform such duties as now are or may hereafter be fixed by law.","history":null,"structure":{"0":{"label":"title","name":null,"identifier":"c4"},"1":{"label":"chapter","name":null,"identifier":"44"}}}