{"section":"c4-41-I","catch_line":"No catch line.","text":" \r\r(b) Each full-time clerk of a justice of the peace designated as trial magistrate of a People's Court, of the Municipal Court of Baltimore City, and the chief constable of the People's Court of Baltimore City who is in office on the day before the first Monday in July, 1970, shall become a deputy clerk of the District Court on the first Monday in July 1970. The taking effect of the aforegoing amendments shall not of itself affect the tenure, term, status, retirement, or compensation of any person then holding public office, position, or employment in this State, except as provided in the amendments.\r\r(c) All statutory references to justices of the peace designated as trial magistrates, to People's Courts, to the Municipal Court of Baltimore City or to the Housing Court of Baltimore County, shall be deemed to refer to the District Court in the appropriate district, county or Baltimore City, to the extent not inconsistent with this Constitution.\r\r(d) No member of the General Assembly at which these amendments were proposed, or at which the number of or salary of any such judges may have been increased or decreased by the General Assembly from time to time, if otherwise qualified, is ineligible for appointment or election as a judge of the District Court by reason of his membership in the General Assembly.\r\r","history":null,"structure":{"0":{"label":"title","name":null,"identifier":"c4"},"1":{"label":"chapter","name":null,"identifier":"41-I"}}}