{"section":"c4-41E","catch_line":"No catch line.","text":"The Chief Judge of the Court of Appeals shall designate one judge of the District Court as Chief Judge of that Court, to serve as Chief Judge at his pleasure. The Chief Judge of the District Court may assign administrative duties to other judges of the District Court and shall perform such other duties in the administration of the District Court as may be prescribed by rule or by law.","history":null,"structure":{"0":{"label":"title","name":null,"identifier":"c4"},"1":{"label":"chapter","name":null,"identifier":"41E"}}}