{"section":"c4-9","catch_line":"No catch line.","text":"The Judge, or Judges of any Court, may appoint such officers for their respective Courts as may be found necessary. The General Assembly may provide, by Law, for compensation for all such officers; and the Judge or Judges shall, from time to time, investigate the expenses, costs and charges of their respective courts, with a view to a change or reduction thereof, and report the result of such investigation to the General Assembly for its action.","history":null,"structure":{"0":{"label":"title","name":null,"identifier":"c4"},"1":{"label":"chapter","name":null,"identifier":"9"}}}