{"section":"c5-12","catch_line":"No catch line.","text":"The State's Attorney in each county, and the City of Baltimore, shall have authority to collect, and give receipt, in the name of the State, for such sums of money as may be collected by him, and forthwith make return of and pay over the same to the proper accounting officer. And the State's Attorney of each county, and the City of Baltimore, before he shall enter on the discharge of his duties, and from time to time thereafter, shall give such corporate surety bond as may hereafter be prescribed by Act of the General Assembly.","history":null,"structure":{"0":{"label":"title","name":null,"identifier":"c5"},"1":{"label":"chapter","name":null,"identifier":"12"}}}