{"section":"c5-3","catch_line":"No catch line.","text":"(a) The Attorney General shall:\r\r(b) The Attorney General shall have and perform any other duties and possess any other powers, and appoint the number of deputies or assistants, as the General Assembly from time to time may prescribe by law.\r\r(c) The Attorney General shall receive for his services the annual salary as the General Assembly from time to time may prescribe by law, but he may not receive any fees, perquisites or rewards whatever, in addition to his salary, for the performance of any official duty.\r\r(d) The Governor may not employ any additional counsel, in any case whatever, unless authorized by the General Assembly.\r\r","history":null,"structure":{"0":{"label":"title","name":null,"identifier":"c5"},"1":{"label":"chapter","name":null,"identifier":"3"}}}