{"section":"g1-10","catch_line":"No catch line.","text":"The form of judicial and all other oaths to be taken or administered in this State, and not prescribed by the Constitution, shall be as follows: \"In the presence of Almighty God I do solemnly promise or declare\", etc. And it shall not be lawful to add to any oath the words \"So help me God\", or any imprecatory words whatever.","history":null,"structure":{"0":{"label":"title","name":null,"identifier":"g1"},"1":{"label":"chapter","name":null,"identifier":"10"}}}