{"section":"g1-11","catch_line":"No catch line.","text":"The manner of administering oaths shall be by requiring the person making the same to hold up his hand in token of his recognition of the solemnity of the act, except in those cases wherein this form is not practicable, or when it shall appear that some other mode is more binding upon the conscience of the swearer.","history":null,"structure":{"0":{"label":"title","name":null,"identifier":"g1"},"1":{"label":"chapter","name":null,"identifier":"11"}}}