{"section":"g1-1","catch_line":"No catch line.","text":"The adoption of this Code shall not affect or impair any right, vested or acquired and existing at the time of its adoption, nor shall it impair, discharge or release any existing contract, obligation, duty or liability of any kind whatsoever. All pending suits, actions and prosecutions for crimes or misdemeanors, including all civil and criminal proceedings whatsoever, shall be prosecuted and proceeded with to final determination, and judgment entered therein as if this Code had not been adopted.","history":null,"structure":{"0":{"label":"title","name":null,"identifier":"g1"},"1":{"label":"chapter","name":null,"identifier":"1"}}}