{"section":"g1-17","catch_line":"No catch line.","text":"If two or more amendments to the same section or subsection of the Code are enacted at the same or different sessions of the General Assembly, and one of them makes no reference to and takes no account of the other or others, the amendments shall be construed together, and each shall be given effect, if possible and with due regard to the wording of their titles. If the amendments are irreconcilable and it is not possible to construe them together, the latest in date of final enactment shall prevail.","history":null,"structure":{"0":{"label":"title","name":null,"identifier":"g1"},"1":{"label":"chapter","name":null,"identifier":"17"}}}