{"section":"g1-21","catch_line":"No catch line.","text":"(a) Whenever a provision of the public general or public local laws of this State refers to any portion of this Code, or to any other law, the reference applies to any subsequent amendment to that portion of the Code or other law, unless the referring provision expressly provides otherwise.\r\r(b) The rule of construction established by this section applies to an amendment to a statute whether adopted prior or subsequent to July 1, 1973.\r\r","history":null,"structure":{"0":{"label":"title","name":null,"identifier":"g1"},"1":{"label":"chapter","name":null,"identifier":"21"}}}