{"section":"g1-29","catch_line":"No catch line.","text":"With respect to any State program of benefits, rights, or privileges applicable to a veteran under this Code, the term \"veteran\" includes members of the commissioned corps of the Public Health Service and the commissioned corps of the National Oceanic and Atmospheric Administration (or its predecessor, the Coast and Geodetic Survey) if eligible under \u00a7 101, Title 38 of the U.S. Code.","history":null,"structure":{"0":{"label":"title","name":null,"identifier":"g1"},"1":{"label":"chapter","name":null,"identifier":"29"}}}