{"section":"g1-23","catch_line":"No catch line.","text":"The provisions of all statutes enacted after July 1, 1973 are severable unless the statute specifically provides that its provisions are not severable. The finding by a court that some provision of a statute is unconstitutional and void does not affect the validity of the remaining portions of that statute, unless the court finds that the remaining valid provisions alone are incomplete and incapable of being executed in accordance with the legislative intent.","history":null,"structure":{"0":{"label":"title","name":null,"identifier":"g1"},"1":{"label":"chapter","name":null,"identifier":"23"}}}