{"section":"g1-25","catch_line":"No catch line.","text":"(a) Unnumbered revised articles of the Annotated Code of Maryland may be cited as stated in this section.\r\r(b) A section of the Agriculture Article may be cited as: \"\u00a7___ of the Agriculture Article\".\r\r(c) A section of the Business Occupations and Professions Article may be cited as: \"\u00a7___ of the Business Occupations and Professions Article\".\r\r(d) A section of the Business Regulation Article may be cited as: \"\u00a7___ of the Business Regulation Article\".\r\r(e) A section of the Commercial Law Article may be cited as: \"\u00a7___ of the Commercial Law Article\".\r\r(f) A section of the Corporations and Associations Article may be cited as: \"\u00a7___ of the Corporations and Associations Article\".\r\r(g) A section of the Correctional Services Article may be cited as: \"\u00a7___ of the Correctional Services Article\".\r\r(h) A section of the Courts and Judicial Proceedings Article may be cited as: \"\u00a7___ of the Courts Article\".\r\r(i) A section of the Criminal Law Article may be cited as: \"\u00a7___ of the Criminal Law Article\".\r\r(j) A section of the Criminal Procedure Article may be cited as: \"\u00a7___ of the Criminal Procedure Article\".\r\r(k) A section of the Economic Development Article may be cited as: \"\u00a7___ of the Economic Development Article\".\r\r(l) A section of the Education Article may be cited as: \"\u00a7___ of the Education Article\".\r\r(m) A section of the Election Law Article may be cited as: \"\u00a7___ of the Election Law Article\".\r\r(n) A section of the Environment Article may be cited as: \"\u00a7___ of the Environment Article\".\r\r(o) A section of the Estates and Trusts Article may be cited as: \"\u00a7___ of the Estates and Trusts Article\".\r\r(p) A section of the Family Law Article may be cited as: \"\u00a7___ of the Family Law Article\".\r\r(q) A section of the Financial Institutions Article may be cited as: \"\u00a7___ of the Financial Institutions Article\".\r\r(r) A section of the Health - General Article may be cited as: \"\u00a7___ of the Health - General Article\".\r\r(s) A section of the Health Occupations Article may be cited as: \"\u00a7___ of the Health Occupations Article\".\r\r(t) A section of the Housing and Community Development Article may be cited as: \"\u00a7___ of the Housing and Community Development Article\".\r\r(u) A section of the Human Services Article may be cited as: \"\u00a7___ of the Human Services Article\".\r\r(v) A section of the Insurance Article may be cited as: \"\u00a7___ of the Insurance Article\".\r\r(w) A section of the Labor and Employment Article may be cited as: \"\u00a7___ of the Labor and Employment Article\".\r\r(x) A section of the Land Use Article may be cited as: \"\u00a7___ of the Land Use Article\".\r\r(y) A section of the Natural Resources Article may be cited as: \"\u00a7___ of the Natural Resources Article\".\r\r(z) A section of the Public Safety Article may be cited as: \"\u00a7___ of the Public Safety Article\".\r\r(aa) A section of the Public Utilities Article may be cited as: \"\u00a7 ___ of the Public Utilities Article\".\r\r(bb) A section of the Real Property Article may be cited as: \"\u00a7___ of the Real Property Article\".\r\r(cc) A section of the State Finance and Procurement Article may be cited as: \"\u00a7___ of the State Finance and Procurement Article\".\r\r(dd) A section of the State Government Article may be cited as: \"\u00a7___ of the State Government Article\".\r\r(ee) A section of the State Personnel and Pensions Article may be cited as: \"\u00a7___ of the State Personnel and Pensions Article\".\r\r(ff) A section of the Tax - General Article may be cited as: \"\u00a7___ of the Tax - General Article\".\r\r(gg) A section of the Tax - Property Article may be cited as: \"\u00a7___ of the Tax - Property Article\".\r\r(hh) A section of the Transportation Article may be cited as: \"\u00a7___ of the Transportation Article\".\r\r","history":null,"structure":{"0":{"label":"title","name":null,"identifier":"g1"},"1":{"label":"chapter","name":null,"identifier":"25"}}}