{"section":"g1-2A","catch_line":"No catch line.","text":"Each reference in the codified laws of Maryland to \"the Annotated Code of Maryland\", \"the Annotated Code\", \"the Maryland Code\", \"the State Code\", \"the Code\", or \"this Code\" shall mean any code of the Public General Laws of the State that has been adopted and made evidence of the Public General Laws of the State under \u00a7 10-201 of the Courts Article.","history":null,"structure":{"0":{"label":"title","name":null,"identifier":"g1"},"1":{"label":"chapter","name":null,"identifier":"2A"}}}