{"section":"g1-2","catch_line":"No catch line.","text":"If any crime, misdemeanor or other violation of law hath been committed and no prosecution or other proceeding hath been commenced against the offender before the adoption of this Code, then such offender may be proceeded against by indictment or otherwise, and punished in the same manner as if this Code had not been adopted.","history":null,"structure":{"0":{"label":"title","name":null,"identifier":"g1"},"1":{"label":"chapter","name":null,"identifier":"2"}}}