{"section":"g1-28","catch_line":"No catch line.","text":"(a) In a law, resolution, or court order or decree that refers to publishing a legal advertisement or legal notice, words such as \"paper\", \"newspaper\", \"newspaper in general circulation\", or \"newspaper devoted to the dissemination of general news\" mean, unless otherwise provided, a publication that:\r\r(b) Subject to subsection (a) of this section and for purposes of the public general laws of the State, in Prince George's County, \"newspaper in general circulation\" includes:\r\r","history":null,"structure":{"0":{"label":"title","name":null,"identifier":"g1"},"1":{"label":"chapter","name":null,"identifier":"28"}}}