{"section":"g1-32","catch_line":"No catch line.","text":"(a) Except as provided in subsection (b) of this section, in a statute providing for de novo judicial review or appeal of a quasi-judicial administrative agency action, the term \"de novo\" means judicial review based upon an administrative record and such additional evidence as would be authorized by \u00a7 10-222(f) and (g) of the State Government Article.\r\r(b) This section does not apply to review of cases from:\r\r","history":null,"structure":{"0":{"label":"title","name":null,"identifier":"g1"},"1":{"label":"chapter","name":null,"identifier":"32"}}}