{"section":"g1-5","catch_line":"No catch line.","text":"Whenever the word administrator is used in this Code it shall include executor and personal representative, whenever the word executor is used in this Code it shall include administrator and personal representative, and whenever the words personal representative are used in this Code they shall include administrator and executor, unless such an application of such terms would be unreasonable.","history":null,"structure":{"0":{"label":"title","name":null,"identifier":"g1"},"1":{"label":"chapter","name":null,"identifier":"5"}}}