{"section":"g19-40","catch_line":"No catch line.","text":"(a) \r\r(b) Each county shall establish uniform rules and regulations for the examination and auditing of the books, accounts, and records of every special taxing district created by and situated within the county which:\r\r(c) At a minimum, the rules and regulations required by subsection (b) of this section shall provide for the examination and audit to:\r\r(d) For a special district created by and situated within the county with annual expenditures of less than $250,000, the county shall require annual financial reports and shall require an audit every 4 years, unless the county determines, on a case-by-case basis, that more frequent audits are required.\r\r(e) If a special district subject to subsection (b) or (d) of this section does not submit a financial report or audit report as required by the county, the county may withhold the distributions of taxes imposed on behalf of the special district until the financial report and\/or audit report is received.\r\r(f) At the time it forwards its audit report to the Legislative Auditor, the county also shall forward copies of all audit reports and financial reports received from the special districts subject to subsection (b) or (d) of this section, together with a separate report to the Legislative Auditor on the results of the county's review of each district's compliance with the provisions of subsections (b) through (e) of this section. The Legislative Auditor shall review the audit reports and information received from the county and submit recommendations as appropriate based on the results of the review.\r\r","history":null,"structure":{"0":{"label":"title","name":null,"identifier":"g19"},"1":{"label":"chapter","name":null,"identifier":"40"}}}