{"section":"g23-142","catch_line":"No catch line.","text":"When any bridge or canal shall be erected or constructed pursuant to consent of the county commissioners under \u00a7 140 of this article, the corporation shall report in writing to the county commissioners, under the oath or affirmation of the president or vice president; and the county commissioners shall appoint three persons to examine the same and report whether it has been erected or constructed in such a substantial and durable manner as is required to promote the public convenience, and the report shall be reviewed and ratified, or rejected by the county commissioners, who may appoint other persons to report thereon in their discretion.","history":null,"structure":{"0":{"label":"title","name":null,"identifier":"g23"},"1":{"label":"chapter","name":null,"identifier":"142"}}}