{"section":"g23-182","catch_line":"No catch line.","text":"(a) Subject to subsection (b) of this section, a municipal corporation of this State now owning or hereafter acquiring an electric plant or gas plant, as defined in \u00a7 1-101 of the Public Utilities Article, may sell, lease, exchange or otherwise dispose of the electric plant or gas plant, or any part of or interest in either, to any electric company or gas company, as defined in \u00a7 1-101 of the Public Utilities Article, on terms and conditions determined by the municipal corporation.\r\r(b) \r\r","history":null,"structure":{"0":{"label":"title","name":null,"identifier":"g23"},"1":{"label":"chapter","name":null,"identifier":"182"}}}