{"section":"g23a-2B","catch_line":"No catch line.","text":"(a) Except as provided in subsection (b) of this section, legislation enacted by a county does not apply in a municipality located in such county if the legislation:\r\r(b) Notwithstanding the provisions of subsection (a)(2) and (3) of this section, the following categories of county legislation, if otherwise within the scope of legislative powers granted the county by the General Assembly, shall nevertheless apply within all municipalities in the county:\r\r(c) Notwithstanding the provisions of subsection (b)(3) of this section, county legislation enacted in accordance with the procedures and requirements thereof shall nevertheless be or become inapplicable in any municipality which has enacted or enacts municipal legislation that:\r\r(d) Any municipality may, by ordinance, request and authorize the county within which it is located to administer or enforce any municipal legislation. Upon the enactment of such an ordinance, such county may administer or enforce such municipal legislation on such terms and conditions as may mutually be agreed.\r\r(e) As used in this section:\r\r","history":null,"structure":{"0":{"label":"title","name":null,"identifier":"g23a"},"1":{"label":"chapter","name":null,"identifier":"2B"}}}