{"section":"g23a-52","catch_line":"No catch line.","text":"(a) In this subtitle the following words have the meanings indicated.\r\r(b) \"Authority\" means a nonprofit or quasi-governmental entity created by a municipal corporation under \u00a7 54 of this subtitle.\r\r(c) \"Board\" means the board of directors of an authority.\r\r(d) \r\r(e) \"Cost\" includes:\r\r(f) \"Finance\" includes refinance.\r\r(g) \r\r(h) \r\r(i) \"Tax sale property\" means property or an interest in property sold by the tax collector of the county in accordance with Title 14, Subtitle 8, Part III of the Tax - Property Article.\r\r(j) \r\r","history":null,"structure":{"0":{"label":"title","name":null,"identifier":"g23a"},"1":{"label":"chapter","name":null,"identifier":"52"}}}