{"section":"g23a-8C","catch_line":"No catch line.","text":"(a) The mayor and city council, by whatever name known, of every municipal corporation in this State is authorized and empowered to lend or provide, upon such terms as may be agreed upon, the use of tools, vehicles, implements, materials, consultants, services, and other assistance to another political subdivision for purposes deemed to be public and of benefit to the municipal corporation and the other political subdivision.\r\r(b) \r\r","history":null,"structure":{"0":{"label":"title","name":null,"identifier":"g23a"},"1":{"label":"chapter","name":null,"identifier":"8C"}}}