{"section":"g23a-3","catch_line":"No catch line.","text":"(a) The legislative body of any municipality shall have power to provide that violations of ordinances and resolutions authorized by this article shall be punishable as misdemeanors, but no penalty shall exceed a fine of $1,000 and imprisonment for 6 months. Imprisonment in default of fine and costs shall be regulated by the provisions of \u00a7\u00a7 7-504 and 7-505 of the Courts Article.\r\r(b) \r\r","history":null,"structure":{"0":{"label":"title","name":null,"identifier":"g23a"},"1":{"label":"chapter","name":null,"identifier":"3"}}}