{"section":"g23a-18","catch_line":"No catch line.","text":"The exact text of any amendment or amendments to the charter of any municipal corporation, adopted as in this subheading specified, shall thereafter be included in any subsequent edition or codification of the charter of the municipal corporation, until altered, modified or repealed by a subsequent amendment or amendments to the charter.","history":null,"structure":{"0":{"label":"title","name":null,"identifier":"g23a"},"1":{"label":"chapter","name":null,"identifier":"18"}}}