{"section":"g23a-27","catch_line":"No catch line.","text":"(a) Subject to the provisions of subsection (b) of this section, the county governing body shall defray the expenses of:\r\r(b) If the referendum vote results in incorporation, the municipal corporation shall repay the total amount of the expenses specified in subsection (a) of this section to the county governing body, within 1 year following the effective date of the incorporation.\r\r(c) After 1 year from the effective date of the incorporation, a county governing body may withhold any payments due to the municipal corporation for purposes of satisfying any unpaid expenses specified in subsection (a) of this section.\r\r","history":null,"structure":{"0":{"label":"title","name":null,"identifier":"g23a"},"1":{"label":"chapter","name":null,"identifier":"27"}}}