{"section":"g23a-21","catch_line":"No catch line.","text":"(a) \r\r(b) \r\r(c) A petition presented under subsection (a) of this section shall:\r\r(d) The organizing community shall obtain the minimum number of required valid signatures within 18 months from the date that the organizing community received the standard petition form from the county board of supervisors of elections.\r\r(e) Each person signing the petition shall indicate on the petition the person's name and residential address and the location and assessed valuation of the person's property, if the person owns real property in the area to be incorporated and if the organizing community pursues the incorporation petition under subsection (a)(1) of this section.\r\r(f) Within 60 days of receiving a petition, the county governing body:\r\r(g) A petition when filed becomes the property of the county governing body and may not be used for the purposes of initiating further referenda.\r\r","history":null,"structure":{"0":{"label":"title","name":null,"identifier":"g23a"},"1":{"label":"chapter","name":null,"identifier":"21"}}}