{"section":"g23a-80","catch_line":"No catch line.","text":"(a) An authority may issue negotiable bond anticipation notes in anticipation of the sale of bonds for any corporate purpose.\r\r(b) Bond anticipation notes issued under this section shall be issued in the same manner as bonds.\r\r(c) Bond anticipation notes issued under this section and the resolution authorizing them may contain any provisions, conditions, or limitations that may be included in a trust agreement.\r\r(d) An authority may issue bond anticipation notes to pay any other bond anticipation notes.\r\r(e) Bond anticipation notes shall be paid from:\r\r","history":null,"structure":{"0":{"label":"title","name":null,"identifier":"g23a"},"1":{"label":"chapter","name":null,"identifier":"80"}}}