{"section":"g23a-4","catch_line":"No catch line.","text":"(a) The legislative body of a municipal corporation may adopt an ordinance for the licensing, control, location, or maintenance within its jurisdiction of:\r\r(b) An ordinance adopted under this section shall be designed to:\r\r(c) An ordinance adopted under this section may prohibit the operation or maintenance of a junkyard, dump, or other facility within the limits of the municipal corporation until an annual license has been obtained from the legislative body of the municipal corporation, at a reasonable fee specified in the ordinance.\r\r(d) \r\r(e) \r\r(f) The legislative body of a municipal corporation may declare a violation of an ordinance adopted under this section to be a municipal infraction that shall be enforced in accordance with the provisions of \u00a7 3(b) of this article.\r\r(g) If the legislative body of a municipal corporation adopts an ordinance under this section, the provisions of the ordinance may not be construed to apply to any business licensed on or before June 30, 2004 as an automotive dismantler and recycler or a scrap processor under \u00a7 15-502 of the Transportation Article.\r\r","history":null,"structure":{"0":{"label":"title","name":null,"identifier":"g23a"},"1":{"label":"chapter","name":null,"identifier":"4"}}}