{"section":"g23a-44A","catch_line":"No catch line.","text":"(a) \r\r(b) \r\r(c) \r\r(d) \r\r(e) \r\r(f) \r\r(g) \r\r(h) The principal amount of the bonds, the interest payable on the bonds, their transfer, and any income derived from the transfer, including any profit made in the sale or transfer of the bonds, shall be exempt from taxation by the State and by the counties and municipal corporations of the State but shall be included, to the extent required under Title 8, Subtitle 2 of the Tax - General Article, in computing the net earnings of financial institutions.\r\r(i) \r\r(j) Bonds issued under this section are securities:\r\r(k) The powers granted under this section shall be regarded as supplemental and additional to powers conferred by other laws, and may not be regarded as in derogation of any powers now existing.\r\r(l) This section, being necessary for the welfare of the State and its residents, shall be liberally construed to effect the purpose stated in subsection (b)(2) of this section.\r\r(m) Unless otherwise provided in the charter, bylaws, or code of a municipal corporation, a municipal corporation shall hold a public hearing after not less than 10 days notice, published in a newspaper of general circulation in the municipal corporation, before an ordinance or resolution that designates a special taxing district, authorizes the issuance of bonds, or levies ad valorem taxes or special taxes under the provisions of this section may be finally enacted.\r\r(n) \r\r","history":null,"structure":{"0":{"label":"title","name":null,"identifier":"g23a"},"1":{"label":"chapter","name":null,"identifier":"44A"}}}