{"section":"g23a-54","catch_line":"No catch line.","text":"(a) By ordinance, the legislative body of a municipal corporation may establish a land bank authority in accordance with this subtitle.\r\r(b) An ordinance adopted under subsection (a) of this section shall include proposed articles of incorporation of an authority that state:\r\r(c) \r\r(d) \r\r(e) \r\r","history":null,"structure":{"0":{"label":"title","name":null,"identifier":"g23a"},"1":{"label":"chapter","name":null,"identifier":"54"}}}