{"section":"g23a-36","catch_line":"No catch line.","text":"Any sinking fund established by any municipal corporation to provide for the payment of the principal of or interest on any bonds issued by any such municipal corporation pursuant to the provisions of its charter or of this subheading, shall not be invested by the fiscal officer of said municipal corporation having custody of said sinking fund except in the manner prescribed by \u00a7\u00a7 6 and 7 of Article 31 of this Code. Any such fiscal officer having custody of the proceeds of sale of any such bonds is hereby authorized and empowered to invest said proceeds, pending the expenditure thereof, in the manner and pursuant to the provisions of \u00a7 22 of Article 95 of this Code.","history":null,"structure":{"0":{"label":"title","name":null,"identifier":"g23a"},"1":{"label":"chapter","name":null,"identifier":"36"}}}