{"section":"g23a-29","catch_line":"No catch line.","text":"(a) If the referendum results in the creation of a new municipal corporation, the local income tax payments authorized under \u00a7 2-607 of the Tax - General Article shall be distributed to the municipal corporation as follows unless the county governing body agrees to an accelerated payment schedule:\r\r(b) \r\r","history":null,"structure":{"0":{"label":"title","name":null,"identifier":"g23a"},"1":{"label":"chapter","name":null,"identifier":"29"}}}