{"section":"g23a-65","catch_line":"No catch line.","text":"(a) Money received by an authority as payment of taxes, penalties, or interest, or from the redemption or sale of property subject to a tax lien of any taxing unit shall be returned to the local tax collecting unit in the jurisdiction where the property is located for distribution on a pro rata basis to the appropriate taxing units in an amount equal to delinquent taxes, penalties, and interest owed on the property.\r\r(b) Proceeds received by an authority may be retained by the authority for the purposes of this subtitle, unless otherwise designated by:\r\r","history":null,"structure":{"0":{"label":"title","name":null,"identifier":"g23a"},"1":{"label":"chapter","name":null,"identifier":"65"}}}