{"section":"g23a-79","catch_line":"No catch line.","text":"(a) \r\r(b) A refunding bond that an authority issues under this section shall be issued in the same manner and is subject to this subtitle to the same extent as any other bond.\r\r(c) An authority may issue refunding bonds in one or more series in an amount greater than the amount of the bonds to be refunded.\r\r","history":null,"structure":{"0":{"label":"title","name":null,"identifier":"g23a"},"1":{"label":"chapter","name":null,"identifier":"79"}}}