{"section":"g23a-1","catch_line":"No catch line.","text":"The inhabitants of every incorporated municipality in Maryland constitute and shall continue to be a body corporate, and under the corporate name shall have perpetual succession, may sue and be sued, and may pass and adopt all ordinances, resolutions or bylaws necessary or proper to exercise the powers granted herein or elsewhere.","history":null,"structure":{"0":{"label":"title","name":null,"identifier":"g23a"},"1":{"label":"chapter","name":null,"identifier":"1"}}}