{"section":"g23a-71","catch_line":"No catch line.","text":"(a) \r\r(b) An authority may issue the bonds at one time or in one or more series from time to time.\r\r(c) For each issue of an authority's bonds, the authority shall pass a resolution that:\r\r(d) Subject to any provisions for their registration, bonds are negotiable instruments for all purposes regardless of whether they are payable from a special fund.\r\r(e) \r\r(f) \r\r(g) An officer's signature or facsimile on a bond remains valid even if the officer leaves office before the bond is delivered.\r\r(h) Pending preparation of the definitive bonds, an authority may issue interim receipts or certificates that will be exchanged for definitive bonds.\r\r(i) \r\r(j) The members of an authority and a person executing the bonds may not be held liable personally on the bonds.\r\r","history":null,"structure":{"0":{"label":"title","name":null,"identifier":"g23a"},"1":{"label":"chapter","name":null,"identifier":"71"}}}