{"section":"g23a-63","catch_line":"No catch line.","text":"(a) Property held by an authority shall be inventoried and classified according to title status and suitability for use.\r\r(b) A register of deeds in a county in which property owned by an authority is located may not charge a fee to record a document evidencing the transfer under this subtitle of property to the authority by the State or a municipal corporation.\r\r","history":null,"structure":{"0":{"label":"title","name":null,"identifier":"g23a"},"1":{"label":"chapter","name":null,"identifier":"63"}}}