{"section":"g23a-8","catch_line":"No catch line.","text":"All meetings, regular and special, of the legislative body, by whatever name known, in every municipal corporation in Maryland, including the City of Baltimore, shall be public meetings and open to the public at all times. Nothing contained herein shall be construed to prevent any such body from holding an executive session from which the public is excluded but no ordinance, resolution, rule or regulation shall be finally adopted at such an executive session.","history":null,"structure":{"0":{"label":"title","name":null,"identifier":"g23a"},"1":{"label":"chapter","name":null,"identifier":"8"}}}