{"section":"g23a-1A","catch_line":"No catch line.","text":"(a) Unless otherwise specifically provided by the laws of Maryland, a municipal corporation, and every officer, department, agency, board, commission, or other unit of municipal government may not raise the defense of sovereign immunity in the courts of this State in an action in contract based upon a written contract executed on behalf of the municipal corporation, or its department, agency, board, commission, or unit by an official or employee acting within the scope of his authority.\r\r(b) In any action in contract described under subsection (a) of this section, the municipal corporation, or its officer, department, agency, board, commission, or other unit of government shall have the immunity from liability described under \u00a7 5-507(a) of the Courts and Judicial Proceedings Article.\r\r(c) A claim is barred unless the claimant files suit within one year from the date on which the claim arose or within one year after completion of the contract giving rise to the claim, whichever is later.\r\r(d) In order to provide for the implementation of this section, the governing body of every municipal corporation shall make available adequate funds for the satisfaction of any final judgment, after the exhaustion of any right of appeal, which has been rendered against the municipal corporation, or any officer, department, agency, board, commission, or other unit of government in an action in contract as provided in this section.\r\r(e) Except as provided in subsections (f) and (g) of this section, a municipal corporation may not require in a construction contract, or otherwise provide with regard to a construction contract, to which it is a party, that a dispute between the parties involving $10,000 or more regarding the terms of the contract or performance under the contract, be subject to final binding or conclusive determination by an officer or official body of a municipal corporation.\r\r(f) A municipal corporation may require or provide, with regard to a construction contract to which it is a party, that if there is a dispute regarding the terms of the contract or performance under the contract, the question or questions involved in the dispute shall be subject to a determination which is final and conclusive on all parties, made either by:\r\r(g) Notwithstanding the provisions of subsections (e) and (f) of this section, a municipal corporation may provide or require, with regard to a construction contract to which it is a party, that a dispute between the parties involving $10,000 or more regarding the terms of the contract or performance under the contract, be subject to a determination of questions of fact by an officer or official body of a municipal corporation, provided that the decision of the officer or official body of a municipal corporation is subject to review on the record by a court of competent jurisdiction.\r\r","history":null,"structure":{"0":{"label":"title","name":null,"identifier":"g23a"},"1":{"label":"chapter","name":null,"identifier":"1A"}}}