{"section":"g23a-64","catch_line":"No catch line.","text":"(a) Following an unsuccessful attempt on the part of the municipal corporation to collect outstanding liens at tax sale and subject to the approval of the local tax collecting unit of the jurisdiction where the property is located, an authority may accept from a person with an interest in a parcel of tax delinquent property or tax sale property a deed or assignment conveying that person's interest in the property instead of:\r\r(b) Except as otherwise provided by law, conveyance of property by deed instead of foreclosure under this section may not affect or impair any other lien against the property or any existing recorded or unrecorded interest in the property, including:\r\r(c) A tax lien against property held by or under the control of an authority may be released or abated at any time by one or more of the following:\r\r","history":null,"structure":{"0":{"label":"title","name":null,"identifier":"g23a"},"1":{"label":"chapter","name":null,"identifier":"64"}}}