{"section":"g23a-32","catch_line":"No catch line.","text":"(a) All bonds of a municipal corporation shall be authorized by resolution or ordinance of the legislative body of said municipal corporation which shall contain the following:\r\r(b) Each such resolution shall be adopted by the legislative body of the municipal corporation in the manner prescribed by the charter of said municipal corporation for the adoption of ordinances and resolutions having the force of law but it shall not be necessary to submit any such resolution or ordinance or the question of the issuance of bonds authorized thereby to a referendum of the qualified voters of said municipal corporation unless said resolution or ordinance shall so provide or unless the charter of such municipal corporation shall so require. Each such resolution or ordinance may contain such other provisions, not inconsistent with this subheading, as the legislative body of such municipal corporation may deem appropriate, and may expressly permit the executive of such municipal corporation to make such modifications in the forms adopted by such resolution or ordinance as will not alter the substance of such forms.\r\r","history":null,"structure":{"0":{"label":"title","name":null,"identifier":"g23a"},"1":{"label":"chapter","name":null,"identifier":"32"}}}