{"section":"g23a-28","catch_line":"No catch line.","text":"(a) At the time of making public proclamation as to the vote on the question of incorporation under the proposed charter, the county governing body shall send the information concerning the charter adopted by the municipal corporation to the Department of Legislative Services, as provided in \u00a7 9A of this article for municipal officials.\r\r(b) A proposal to incorporate a municipal corporation and to adopt a charter may not be rescinded after its formal submission, in any manner other than that of a formal charter repeal as provided in the subheading \"Repeal of Charter\" in this subtitle.\r\r(c) The charter is included in the requirements of \u00a7 17A of this subtitle, including its printing and indexing in the laws enacted by the General Assembly.\r\r(d) The exact text of the charter of the municipal corporation, adopted under the provisions of this subtitle and as amended from time to time, shall thereafter be included in any edition or codification of the charter of the municipal corporation.\r\r","history":null,"structure":{"0":{"label":"title","name":null,"identifier":"g23a"},"1":{"label":"chapter","name":null,"identifier":"28"}}}