{"section":"g23a-4A","catch_line":"No catch line.","text":"(a) The legislative body of each municipal corporation may adopt an ordinance for the licensing, control, location, or maintenance within its jurisdiction of a business establishment that allows on its premises any activity involving nudity and sexual displays listed in Article 2B, \u00a7 10-405(c) through (f) of the Code.\r\r(b) \r\r","history":null,"structure":{"0":{"label":"title","name":null,"identifier":"g23a"},"1":{"label":"chapter","name":null,"identifier":"4A"}}}