{"section":"g23a-75","catch_line":"No catch line.","text":"(a) A bond is not:\r\r(b) Each bond shall state on the face of the bond that neither the State nor a political subdivision of the State is obliged to pay the principal of or interest on the bond except from revenues pledged to the payment of the bond.\r\r(c) The issuance of bonds does not directly, indirectly, or contingently obligate the State or its political subdivisions:\r\r(d) Nothing in this subtitle prohibits an authority from pledging its full faith and credit in connection with the issuance of bonds.\r\r","history":null,"structure":{"0":{"label":"title","name":null,"identifier":"g23a"},"1":{"label":"chapter","name":null,"identifier":"75"}}}