{"section":"g23a-2","catch_line":"No catch line.","text":"(a) The legislative body of every incorporated municipality in this State, except Baltimore City, by whatever name known, shall have general power to pass such ordinances not contrary to the Constitution of Maryland, public general law, or, except as provided in \u00a7 2B of this article, public local law as they may deem necessary in order to assure the good government of the municipality, to protect and preserve the municipality's rights, property, and privileges, to preserve peace and good order, to secure persons and property from danger and destruction, and to protect the health, comfort and convenience of the citizens of the municipality; but nothing in this article shall be construed to authorize the legislative body of any incorporated municipality to pass any ordinance which is inconsistent or in conflict with any ordinance, rule or regulation passed, ordained or adopted by the Maryland-National Capital Park and Planning Commission and the Washington Suburban Sanitary Commission, and nothing in this article shall be taken or construed to affect, change, modify, limit or restrict in any manner any of the corporate powers of the Mayor and City Council of Baltimore which it now has or which hereafter may be granted to it.\r\r(b) In addition to, but not in substitution of, the powers which have been, or may hereafter be, granted to it, such legislative body also shall have the following express ordinance-making powers:\r\r","history":null,"structure":{"0":{"label":"title","name":null,"identifier":"g23a"},"1":{"label":"chapter","name":null,"identifier":"2"}}}