{"section":"g23a-53","catch_line":"No catch line.","text":"(a) This subtitle shall be liberally construed to accomplish its purposes.\r\r(b) The powers granted to an authority under this subtitle shall be construed as supplemental and in addition to powers granted to an authority under any State or local law.\r\r(c) This subtitle does not authorize an authority to:\r\r","history":null,"structure":{"0":{"label":"title","name":null,"identifier":"g23a"},"1":{"label":"chapter","name":null,"identifier":"53"}}}