{"section":"g23a-35","catch_line":"No catch line.","text":"All bonds and tax anticipation notes issued by any municipal corporation in accordance with its charter or in accordance with this subheading, shall have and possess all the attributes of negotiable instruments as provided in \u00a7 8 of Article 31 of this Code. The principal of and interest on any such bonds or tax anticipation notes in the hands of the owner or owners thereof from time to time, shall be and remain exempt from taxation of any kind or nature whatsoever by the State of Maryland and by any county, municipal corporation or other political subdivision thereof.","history":null,"structure":{"0":{"label":"title","name":null,"identifier":"g23a"},"1":{"label":"chapter","name":null,"identifier":"35"}}}