{"section":"g23a-9A","catch_line":"No catch line.","text":"(a) Whenever the mayor and city council, by whatever name known, of any municipal corporation in this State (as defined in \u00a7 9(a) of this article) causes, or is required to cause any of the following documents to be created, implemented or otherwise established, the respective documents shall be deposited with the Department of Legislative Services, and in the manner, as prescribed by this section.\r\r(b) The mayor or other chief executive officer, by whatever name known, of each municipal corporation shall send, or cause to be sent, separately by mail, bearing a postmark from the United States Postal Service, one copy of each of the documents, as appropriate, enumerated in subsection (a) of this section to the Department of Legislative Services.\r\r(c) The mayor or other chief executive officer, by whatever name known, of each municipal corporation shall send to the Department of Legislative Services:\r\r","history":null,"structure":{"0":{"label":"title","name":null,"identifier":"g23a"},"1":{"label":"chapter","name":null,"identifier":"9A"}}}