{"section":"g23a-81","catch_line":"No catch line.","text":"(a) An authority shall convey title to property relating to a project and release collateral in accordance with this section when the following conditions are met:\r\r(b) On satisfaction of the conditions under subsection (a) of this section, an authority promptly shall execute any deeds, conveyances, releases, and documents and take any other action necessary to convey title to the property and release collateral free of all liens and encumbrances created through the authority.\r\r","history":null,"structure":{"0":{"label":"title","name":null,"identifier":"g23a"},"1":{"label":"chapter","name":null,"identifier":"81"}}}