{"section":"g23a-9","catch_line":"No catch line.","text":"(a) As used in this subtitle the term \"municipal corporation\" shall include all cities, towns and villages, now or hereafter created under any general or special law of this State for general governmental purposes, which are subject to the provisions of Article XI-E of the Maryland Constitution, which possess legislative, administrative and police powers for the general exercise of municipal functions, and which carry on such functions through a set of elected and other officials. The term is not to include any special tax area or district, sanitary district, park or planning district, soil conservation district or other public agency exercising specific powers within a defined area but which does not exercise general municipal functions and the term is not to include the Mayor and City Council of Baltimore. Nothing herein contained shall be construed to confer upon any municipal corporation, as herein defined, located within any such tax area or district, the power by incorporation, charter amendment, annexation or otherwise to exercise or perform, divest or duplicate, within its corporate limits any of the special powers or duties theretofore conferred upon the board, commission, authority or public corporation, created or appointed in accordance with law, to administer any such special tax area or district except that, subject to the consent or approval of the board, commission, authority or public corporation having jurisdiction, any municipal corporation may provide within its corporate limits parks, gardens, playgrounds and other recreational facilities, nor shall any provision of this subtitle be construed to empower any municipal corporation as herein defined, by incorporation, charter amendment, annexation, or otherwise, to exclude the area within its corporate limits from the levy of taxes upon property in such area or the imposition therein of special benefit assessments or service charges for the support of any such board, commission, authority or other public corporation. No local law conferring special powers or duties on any such board, commission, authority or public corporation shall be construed to divest any municipal corporation exercising the same powers or performing the same duties within its corporate limits, in accordance with law, of its right to continue the exercise of such powers or the performance of such duties, it being the intent hereof to avoid duplication in the rendition of public services. The General Assembly hereby finds, determines and declares that the term \"municipal corporation\" in Article XI-E of the Maryland Constitution does not embrace or include any such special tax area or district or the board, commission, authority or public corporation administering the same.\r\r(b) The term \"municipal corporation\" does not embrace or include the Washington Suburban Sanitary Commission, or the Washington Suburban Sanitary District under the jurisdiction of such Commission; the term \"municipal corporation\" does not embrace or include the Maryland-National Capital Park and Planning Commission, or the Maryland-Washington Metropolitan District or the Maryland-Washington Regional District under the jurisdiction of such Commission.\r\r(c) \r\r(d) As used in this subtitle, the term \"qualified to vote\" or \"qualified voter\" shall mean those persons who under the terms of a municipal charter shall be authorized to vote in elections within that municipal corporation.\r\r(e) As used in this subtitle, the term \"municipal charter\" shall include the existing charter and all local laws of the General Assembly relating to the incorporation, organization, government, or affairs concerning administration and services, of said municipal corporation.\r\r","history":null,"structure":{"0":{"label":"title","name":null,"identifier":"g23a"},"1":{"label":"chapter","name":null,"identifier":"9"}}}