{"section":"g23a-76","catch_line":"No catch line.","text":"(a) An authority may:\r\r(b) The rates, rents, fees, and charges established by an authority under this section shall be fixed and adjusted so that the aggregate amount of the rates, rents, fees, and charges from the project, when added to other available money, is sufficient to:\r\r(c) The rates, rents, fees, and charges established by an authority under this section are not subject to supervision or regulation by any unit of the State other than the authority.\r\r","history":null,"structure":{"0":{"label":"title","name":null,"identifier":"g23a"},"1":{"label":"chapter","name":null,"identifier":"76"}}}