{"section":"g23a-56","catch_line":"No catch line.","text":"(a) Except as limited by the authority's articles of incorporation, an authority has all the powers set forth in this subtitle.\r\r(b) An authority may:\r\r(c) An authority may delegate to a member or officer a power granted to the authority by this subtitle, including the power to execute a bond, obligation, certificate, deed, lease, mortgage agreement, or other document or instrument.\r\r","history":null,"structure":{"0":{"label":"title","name":null,"identifier":"g23a"},"1":{"label":"chapter","name":null,"identifier":"56"}}}