{"section":"g23a-66","catch_line":"No catch line.","text":"(a) Except as provided in subsection (b) of this section, an authority is exempt from any requirement to pay State or local taxes or assessments on the authority's properties, activities, or any revenue from the properties or activities.\r\r(b) Property that an authority sells or leases to a private entity is subject to State and local property taxes from the time of the sale or lease.\r\r(c) The principal of and interest on bonds, the transfer of bonds, and any income derived from the bonds, including profits made on their sale or transfer, are forever exempt from all State and local taxes.\r\r","history":null,"structure":{"0":{"label":"title","name":null,"identifier":"g23a"},"1":{"label":"chapter","name":null,"identifier":"66"}}}