{"section":"g23a-24","catch_line":"No catch line.","text":"(a) Between 40 and 60 days after the county governing body receives the proposed charter from the organizing committee, the county governing body may specify, by resolution, the day and hours for a special referendum election on the proposed incorporation for the voters of the area to be incorporated.\r\r(b) The resolution described in subsection (a) of this section shall contain the exact wording of the proposed charter, as submitted by the organizing committee, to be voted on at the time of the referendum.\r\r(c) \r\r","history":null,"structure":{"0":{"label":"title","name":null,"identifier":"g23a"},"1":{"label":"chapter","name":null,"identifier":"24"}}}