{"section":"g24-12-105","catch_line":"No catch line.","text":"(a) The Commission shall study the salaries of:\r\r(b) Before January 30, 1993, and before January 30 every 4th year thereafter, the Commission shall make recommendations regarding salaries of the offices in subsection (a) of this section to the County Commissioners.\r\r(c) Before the Commission submits its recommendations regarding salaries of the offices in subsection (a) of this section to the County Commissioners, the Commission shall meet with each person who holds an office listed in subsection (a) of this section in order to:\r\r","history":null,"structure":{"0":{"label":"title","name":null,"identifier":"g24"},"1":{"label":"chapter","name":null,"identifier":"12-105"}}}