{"section":"g24-9-10A-01","catch_line":"The County Council of Harford County, by ordinance, may fix, impose, and provide for the collection ...","text":"(a) The County Council of Harford County, by ordinance, may fix, impose, and provide for the collection of a development impact fee not to exceed $10,000 for new construction or development.\r\r(b) The County Treasurer shall deposit the revenues from the development impact fee into a special fund.\r\r(c) The revenues from the special fund may be used only for:\r\r(d) A municipal corporation within Harford County shall assist the County Council in the collection of the development impact fee within the municipal corporation by:\r\r(e) If a development impact fee is enacted under the authority granted to the County Council by subsection (a) of this section, the county shall:\r\r","history":null,"structure":{"0":{"label":"article","name":"Political Subdivisions - Miscellaneous Provisions","identifier":"g24"}}}