{"section":"g24-11-504","catch_line":"No catch line.","text":"(a) \r\r(b) The county commissioners of the several counties are authorized and directed to reimburse the said sheriffs for their actual expenses in enforcing the provisions of this subtitle, including the payment of the salary of any special deputy appointed for that purpose.\r\r(c) The county commissioners of the several counties are authorized and empowered to pay such additional compensation to the county treasurer, or to the tax-collecting officer as they may deem necessary or advisable to compensate him or them for the additional duties imposed by this subtitle. In Carroll, Harford and Wicomico counties, the county commissioners are hereby authorized to designate suitable persons in appropriate locations of the county for the purpose of assisting the county treasurer or tax-collecting officer in the performance of their duties in collecting license fees and issuing licenses and tags under the provisions of this subtitle at such compensation as the said county commissioners may deem necessary or advisable.\r\r(d) The county commissioners of the several counties shall have power in their discretion to make from time to time all necessary rules and regulations for the sale of dog licenses, the keeping of records of such licenses, and the convenient and effective enforcement of the provisions of this subtitle. They are hereby authorized and empowered to delegate by written contract the enforcement and administration of the provisions of this subtitle to any organization, association of persons, or municipal corporations in their counties; provided, however, that in any such contract, the county commissioners shall reserve unto themselves a right of cancellation thereof, such cancellation to be without previous notice or recourse if done for a stated cause, or to be on thirty days' notice if without any stated cause.\r\r(e) \r\r(f) The boards of county commissioners of Allegany, Carroll, and Charles counties are hereby respectively authorized and empowered to appoint dog wardens, in their respective counties, who shall have all the powers of a constable or other peace officer and who may sell and issue dog licenses, and take into custody and dispose of stray, injured and sick dogs in accordance with rules, regulations or resolutions of the respective boards of county commissioners enacted pursuant to subsection (e) hereof. The respective boards of county commissioners are hereby further authorized and empowered to provide the compensation for the dog wardens.\r\r(g) The Board of County Commissioners of St. Mary's County is hereby authorized to employ a dog warden at an annual salary to be determined by the County Commissioners. Such warden shall collect and dispose of all unlicensed dogs in a manner and on conditions to be prescribed by the County Commissioners. Said Commissioners are authorized to provide a dog pound for the county wherein dogs seized by said dog warden may be placed or, in the discretion of the Commissioners, to enter into agreements with adjacent counties for the establishment of a dog pound to serve all of such counties. Said Commissioners are further authorized to pay any expenses arising from the operation of this subsection.\r\r(h) The County Commissioners of Charles County are authorized to establish a dog pound and to hire the personnel and provide the equipment necessary for the collection, impoundment, care, handling, and disposal of stray, unlicensed, diseased or vicious dogs, provided, however, that the initial cost for the building and equipment shall not exceed $35,000. The salary and number of persons to be employed shall be determined by the County Commissioners.\r\r(i) \r\r(j) \r\r(k) In Charles and St. Mary's counties the provisions of subsection (e) of this section shall be deemed to apply to the extent that they are reasonably applicable to the regulation and control of every domestic animal, including but not limited to dogs, and to every wild animal kept in captivity. In lieu of the penalties otherwise prescribed in this subtitle, the county commissioners are authorized to establish penalties for violation of rules and regulations passed pursuant to the powers granted under subsection (e) of this section, not to exceed a fine of $1,000 or imprisonment for 1 year, or both, as to each offense.\r\r(l) \r\r(m) In addition to and not in substitution for any powers granted under this subtitle, the County Commissioners of Kent County by resolution may provide for a comprehensive system for the regulation of dogs within the county, including licensing and control. These regulations may include provision for the impoundment and disposal of unlicensed or dangerous dogs and reasonable penalties for violations of any of the provisions of the regulations.\r\r(n) In Howard County, the County Council shall prescribe by law the agency or agencies which shall administer and enforce the laws relating to dog licenses.\r\r(o) \r\r(p) \r\r(q) \r\r","history":null,"structure":{"0":{"label":"title","name":null,"identifier":"g24"},"1":{"label":"chapter","name":null,"identifier":"11-504"}}}