{"section":"g24-1-101","catch_line":"No catch line.","text":"(a) Unless the context clearly requires otherwise, in this article the following words have the meanings indicated.\r\r(b) \"County\" means a county of the State and Baltimore City.\r\r(c) \"Includes\" or \"including\" means includes or including by way of illustration and not by way of limitation.\r\r(d) \"Person\" means an individual, receiver, trustee, guardian, personal representative, fiduciary, or representative of any kind and any partnership, firm, association, corporation, or other entity.\r\r(e) \"State\" means:\r\r(f) \"Tax collector\" means the person or governmental unit responsible for collecting a tax.\r\r","history":null,"structure":{"0":{"label":"title","name":null,"identifier":"g24"},"1":{"label":"chapter","name":null,"identifier":"1-101"}}}