{"section":"g24-1-108","catch_line":"No catch line.","text":"(a) \r\r(b) Except as provided in subsection (c) of this section, a candidate for the office of the chief executive officer of a political subdivision shall be a resident of the political subdivision for at least 6 months preceding the general election for the chief executive officer.\r\r(c) If the charter of a political subdivision contains a durational residency requirement that is longer than 6 months, the longer durational residency requirement shall be retained if the governing body of the political subdivision reaffirms the longer durational residency requirement by enactment of an ordinance effective no later than 4 weeks prior to the filing deadline specified in \u00a7 5-303(a) of the Election Law Article.\r\r","history":null,"structure":{"0":{"label":"title","name":null,"identifier":"g24"},"1":{"label":"chapter","name":null,"identifier":"1-108"}}}