{"section":"g24-1-107","catch_line":"No catch line.","text":"(a) \r\r(b) \r\r(c) A county or municipal corporation may grant a resident of the State, county, or municipal corporation additional points or credits in employment or promotion decisions if the points or credits are provided under provisions of a merit system established by the county or municipal corporation by local law or ordinance.\r\r(d) A regional agency may not require an employee as a condition of employment to reside within the State or a political subdivision for which the regional agency provides governmental services or within a required distance of the State or a political subdivision for which the agency provides governmental services.\r\r","history":null,"structure":{"0":{"label":"title","name":null,"identifier":"g24"},"1":{"label":"chapter","name":null,"identifier":"1-107"}}}