{"section":"g24-12-203","catch_line":"No catch line.","text":"(a) \r\r(b) The Commission shall be comprised as follows:\r\r(c) \r\r(d) A member of the Commission may not be an elected official or an employee of an official whose salary the Commission studies.\r\r(e) A member of the Commission may not receive compensation.\r\r(f) From among its members, the Commission shall elect a chairman.\r\r(g) \r\r","history":null,"structure":{"0":{"label":"title","name":null,"identifier":"g24"},"1":{"label":"chapter","name":null,"identifier":"12-203"}}}