{"section":"g24-12-106","catch_line":"No catch line.","text":"(a) Within 45 days after receiving the recommendations of the Commission, the County Commissioners shall set by local law the salary for each office included in the recommendations:\r\r(b) The County Commissioners may accept, reduce, or reject but may not increase the recommendations of the Commission.\r\r","history":null,"structure":{"0":{"label":"title","name":null,"identifier":"g24"},"1":{"label":"chapter","name":null,"identifier":"12-106"}}}