{"section":"g24-11-301","catch_line":"No catch line.","text":"(a) This section applies only to Carroll and Washington counties.\r\r(b) \r\r(c) \r\r(d) The county commissioners of each county may:\r\r(e) This section does not apply to the following:\r\r(f) \r\r(g) At least 30 days prior to the date of intended sale, each transient vendor shall furnish to the county commissioners of the county in which the vendor intends to do business a verified, written application that contains the following:\r\r(h) \r\r(i) \r\r(j) \r\r(k) \r\r(l) \r\r(m) A person who engages in a transient business in violation of this section is guilty of a misdemeanor and on conviction, shall be subject to a fine not to exceed $2,500 or imprisonment for not more than 1 year, or both.\r\r(n) \r\r(o) The County Commissioners of Carroll County may adopt regulations to:\r\r","history":null,"structure":{"0":{"label":"title","name":null,"identifier":"g24"},"1":{"label":"chapter","name":null,"identifier":"11-301"}}}