{"section":"g24-9-10B-01","catch_line":"In this section the following words have the meanings indicated....","text":"(a) \r\r(b) This section applies only in Charles County.\r\r(c) \r\r(d) \r\r(e) The County Commissioners shall hold a public hearing and provide reasonable notice of the hearing prior to:\r\r(f) The Charles County Commissioners shall report to the General Assembly on or before August 1 each year, subject to \u00a7 2-1246 of the State Government Article, on the following items, for the preceding fiscal year:\r\r","history":null,"structure":{"0":{"label":"article","name":"Political Subdivisions - Miscellaneous Provisions","identifier":"g24"}}}