{"section":"g24-15-102","catch_line":"No catch line.","text":"(a) This section applies only in:\r\r(b) This section does not apply to:\r\r(c) A person who owns or operates a business that engages in the retail sale of a tobacco product may not store or display a tobacco product unless the tobacco product:\r\r(d) A person who violates subsection (c) of this section is committing a civil infraction and is subject to a civil penalty of:\r\r(e) A citation for a second violation may not be issued within 30 days after the date of the first citation.\r\r(f) After a citation is issued for a second violation, a citation may be issued each day that the violation continues after the date of the second citation.\r\r","history":null,"structure":{"0":{"label":"title","name":null,"identifier":"g24"},"1":{"label":"chapter","name":null,"identifier":"15-102"}}}