{"section":"g24-11-502","catch_line":"No catch line.","text":"(a) If the application shall disclose and the clerk be satisfied that the dog for which the license is sought is a \"dog guide\", professionally trained to aid the blind or visually handicapped or deaf or hearing impaired, or mobility impaired, as the case may be, and actually in use for such purpose, the license therefor shall be issued without the payment of any fee and the clerk shall inscribe across the face of the license in red ink the words \"dog guide\".\r\r(b) \r\r","history":null,"structure":{"0":{"label":"title","name":null,"identifier":"g24"},"1":{"label":"chapter","name":null,"identifier":"11-502"}}}