{"section":"g24-11-509","catch_line":"No catch line.","text":"(a) Any person violating or refusing to comply with any of the provisions of this subtitle is guilty of a misdemeanor and shall be fined not less than $5 nor more than $25 or shall be imprisoned in the county jail for not more than 30 days, or shall be both fined and imprisoned. The State's Attorney and the sheriffs of the several counties shall prosecute all persons found violating the law by refusing to comply with its provisions.\r\r(b) In Calvert County the fine is $50 or 60 days.\r\r(c) This subtitle does not apply to the City of Baltimore, the City of Cambridge, or the City of Crisfield.\r\r(d) This section does not apply in Washington County.\r\r(e) This section does not apply in Garrett County.\r\r(f) This section does not apply to a violation of \u00a7 11-512, \u00a7 11-513, or \u00a7 11-514 of this subtitle.\r\r","history":null,"structure":{"0":{"label":"title","name":null,"identifier":"g24"},"1":{"label":"chapter","name":null,"identifier":"11-509"}}}