{"section":"g24-1-104","catch_line":"No catch line.","text":"(a) In this section, \"legal holiday\" means:\r\r(b) Notwithstanding any other law, when under State or local law, the last day to pay a tax, file a tax return, or perform any other act that relates to taxes under this article falls on a Saturday, Sunday, or legal holiday, performance of the act is considered timely if the act is performed on the next succeeding day that is not a Saturday, Sunday, or legal holiday.\r\r(c) For purposes of this section, the last day to perform an act is the last day of any authorized extension of time.\r\r","history":null,"structure":{"0":{"label":"title","name":null,"identifier":"g24"},"1":{"label":"chapter","name":null,"identifier":"1-104"}}}