{"section":"g24-12-103","catch_line":"No catch line.","text":"(a) The Commission consists of 7 members.\r\r(b) Subject to subsection (d) of this section, the Commission shall be comprised of:\r\r(c) The County Commissioners shall solicit each organization listed in subsection (b) of this section before July 15, 1992, and before July 15 every 4th year thereafter, requesting that the organization recommend an appointee to the County Commissioners by August 1.\r\r(d) \r\r(e) A member of the Commission may not receive compensation but is entitled to reimbursement for expenses as authorized by the County Commissioners.\r\r(f) From among its members, the Commission shall elect a chairman.\r\r","history":null,"structure":{"0":{"label":"title","name":null,"identifier":"g24"},"1":{"label":"chapter","name":null,"identifier":"12-103"}}}