{"section":"g24-11-508","catch_line":"No catch line.","text":"(a) \r\r(b) \r\r(c) If the owner of the dog doing the damage be known, it is the duty of the county governing body to notify the owner to kill the dog immediately. If the owner refuses or neglects to kill the dog upon notice, the owner shall be liable for the damages to the same extent as the owner would be liable in case of negligence or malicious destruction of property. The county governing body may have special officers kill the dog.\r\r(d) If a county governing body does not adopt a local law or ordinance under this section, the county is not required to compensate any person for sheep, poultry, or livestock destroyed or injured by a dog.\r\r","history":null,"structure":{"0":{"label":"title","name":null,"identifier":"g24"},"1":{"label":"chapter","name":null,"identifier":"11-508"}}}