{"section":"g24-11-302","catch_line":"No catch line.","text":"(a) This section applies only to Frederick County.\r\r(b) In this section the following words have the meanings indicated.\r\r(c) The Board of County Commissioners of Frederick County may:\r\r(d) This section does not apply to the following:\r\r(e) \r\r(f) At least 30 days before the date of intended sale, each transient vendor shall furnish to the County Commissioners of Frederick County a verified, written application that contains the following:\r\r(g) \r\r(h) \r\r(i) \r\r(j) \r\r(k) \r\r(l) A person who engages in a transient business in violation of this section is guilty of a misdemeanor and on conviction, shall be subject to a fine not to exceed $2,500 or imprisonment for not more than 1 year or both.\r\r(m) Law enforcement personnel from any municipal corporation in Frederick County, Frederick County, and the State may enforce compliance with the provisions of this section.\r\r","history":null,"structure":{"0":{"label":"title","name":null,"identifier":"g24"},"1":{"label":"chapter","name":null,"identifier":"11-302"}}}