{"section":"g24-11-511","catch_line":"No catch line.","text":"(a) This section only applies to Carroll County, Cecil County, and Frederick County.\r\r(b) In addition to and not in substitution for any powers granted under this article, the county commissioners, by ordinance, may provide for a comprehensive system for the regulation of domestic animals, including dogs, and wild animals held in captivity, within the county, including licensing and control.\r\r(c) These regulations may include:\r\r(d) The county commissioners:\r\r","history":null,"structure":{"0":{"label":"title","name":null,"identifier":"g24"},"1":{"label":"chapter","name":null,"identifier":"11-511"}}}