{"section":"g24-11-501","catch_line":"No catch line.","text":"(a) Except in Calvert County, Carroll County, Cecil County, Montgomery County, Howard County, Talbot County, and Washington County, on or before the first day of July of each year, the owner of any dog, six months old or over, shall apply either orally or in writing, to the county treasurer or to the tax collecting officer in said county for a license for each such dog owned or kept by him, and such application shall be accompanied by a fee of one dollar ($1.00) for each male dog or each spayed female dog, and a fee of two dollars ($2.00) for each unspayed female dog, and provided that kennel license shall be issued for ten dollars ($10.00) to persons owning or keeping not in excess of twenty-five dogs and that a kennel license fee of twenty dollars ($20.00) shall be issued to persons keeping more than twenty-five dogs. Except as provided in subsection (a-1) of this section, the said license or fee shall be the only license or tax required for the ownership or keeping of said dog or dogs. Such license shall be issued on a form prepared and supplied by the county commissioners. Such license shall be dated and numbered, and shall contain a description of the dog licensed. Except in Calvert County, Carroll County, Cecil County, Montgomery County, Howard County, Talbot County, and Washington County, all licenses shall be void upon the first day of July of the following year. The county commissioners shall also furnish, and the county treasurer, or tax collecting officer issuing the license, shall issue, with each license, a metal tag. Such tag shall be affixed to a substantial collar. The collar shall be furnished by the owner, and with the tag attached shall at all times be kept on the dog for which the license is issued, except when confined in the kennel or when hunting in charge of an attendant.\r\r(a-1) \r\r(b) In Calvert County the fees for dog licenses shall be determined by the County Commissioners. However, before establishing or altering any license fee, the Calvert County Commissioners shall advertise the proposed fee for 2 consecutive weeks in at least 2 newspapers of general circulation in Calvert County. All dog licenses will expire 1, 2, or 3 years after the date of issue, as specified by county law.\r\r(c) In Harford County all applications for licenses under the provisions of this section shall be made on or before the thirty-first day of December of each year and all licenses issued shall be void upon the thirty-first day of December of the following year. Any license issued under the provisions of this section as of July 1, 1950, shall be valid until December 31, 1951. The license fee for each unspayed female dog shall be three dollars ($3.00).\r\r(d) In Montgomery County:\r\r(e) In St. Mary's County the license fees for dogs, including the fee for any kennel license, shall be determined by the County Commissioners of the county and shall be payable on or before the thirtieth day of June of each year, and all such licenses issued shall be void upon the thirtieth day of June the following year. The County Commissioners of St. Mary's County are authorized and directed to appoint the necessary agents to collect said license fees from owners of dogs who have not paid the required license fees by the first day of August in each year, and there shall be added to the fee of such delinquent owner a penalty of one dollar ($1.00) per license. Every dog warden appointed in St. Mary's County shall have all the powers of a constable or other peace officer.\r\r(f) In Talbot County:\r\r(g) In Charles County the fee for dogs shall be determined by the County Commissioners of the county.\r\r(h) In Howard County:\r\r(i) Repealed.\r\r(j) In Worcester, Kent, and Caroline counties the fee for dog and kennel licenses shall be determined by the county commissioners.\r\r(k) In Frederick County, the license fees for dogs, including the fee for any kennel license, shall be determined by the County Commissioners of the county.\r\r(l) In Wicomico County:\r\r(m) In Anne Arundel County, the fees for dog and kennel licenses shall be determined by the County Council of Anne Arundel County. A dog license shall expire when a rabies vaccination certificate issued under \u00a7 18-319(a)(3) of the Health - General Article expires.\r\r(n) In Garrett County, the license fee for dogs, including the fee for any kennel license, shall be determined by the County Commissioners of the county.\r\r(o) \r\r(p) In Cecil County, the fees, the terms, and the forms for dog and kennel licenses shall be determined by the County Commissioners of Cecil County.\r\r","history":null,"structure":{"0":{"label":"title","name":null,"identifier":"g24"},"1":{"label":"chapter","name":null,"identifier":"11-501"}}}