{"section":"g24-11-505","catch_line":"No catch line.","text":"Any person may kill any dog which he sees in the act of pursuing, attacking, wounding or killing any poultry or livestock, or attacking human beings whether or not such dog bears the proper license tag required by these provisions. There shall be no liability on such persons in damages or otherwise for such killing.","history":null,"structure":{"0":{"label":"title","name":null,"identifier":"g24"},"1":{"label":"chapter","name":null,"identifier":"11-505"}}}