{"section":"g24-12-201","catch_line":"No catch line.","text":"(a) In this subtitle the following words have the meanings indicated.\r\r(b) \"Commission\" means the Washington County Salary Study Commission.\r\r(c) \"County Commissioners\" means the Board of County Commissioners of Washington County.\r\r(d) \"Legislative delegation\" means the members of the General Assembly whose districts are within or include part of Washington County.\r\r","history":null,"structure":{"0":{"label":"title","name":null,"identifier":"g24"},"1":{"label":"chapter","name":null,"identifier":"12-201"}}}