{"section":"g24-1-105","catch_line":"No catch line.","text":"(a) A requirement in this article that a document be under oath means that the document shall be supported by a signed statement made under the penalties of perjury that the contents of the document are true to the best of the knowledge, information, and belief of the individual making the statement.\r\r(b) The oath or affirmation shall be made:\r\r(c) If the procedures provided in subsection (b)(2) of this section are used, the affidavit subjects the individual making it to the penalties for perjury to the same extent as an oath or affirmation made before an individual authorized to administer oaths.\r\r(d) A document made under oath shall be signed:\r\r","history":null,"structure":{"0":{"label":"title","name":null,"identifier":"g24"},"1":{"label":"chapter","name":null,"identifier":"1-105"}}}