{"section":"g2b-8-9A-01","catch_line":"This section applies only in Carroll County....","text":"(a) This section applies only in Carroll County.\r\r(b) In this section, \"Board\" means the Board of License Commissioners for Carroll County.\r\r(c) The Board may approve the issuance of a liquor tasting license.\r\r(d) The liquor tasting license may be issued only to holders of a Class A beer, wine and liquor license.\r\r(e) \r\r(f) A person may consume liquor at a liquor tasting in a quantity not exceeding:\r\r(g) The annual fee  for the liquor tasting license is $100.\r\r(h) A liquor tasting license is valid for not more than 52 days a year and may be used on consecutive or nonconsecutive days.\r\r(i) The Board may adopt regulations to carry out this section.\r\r","history":null,"structure":{"0":{"label":"article","name":"Alcoholic Beverages","identifier":"g2b"}}}