{"section":"gag-8-7A-05","catch_line":"The Secretary may take all reasonable actions to protect the interests of the Department in its inve...","text":"The Secretary may take all reasonable actions to protect the interests of the Department in its investments, collateral, loans, grants, and other property or interests relating to financing transactions, including forgiving a loan, expending funds from its general and special funds to acquire, dispose of, operate, protect, enhance, or maintain collateral or liens.","history":null,"structure":{"0":{"label":"article","name":"Agriculture","identifier":"gag"}}}