{"section":"gag-8-7A-04","catch_line":"...","text":"(a) The Department shall establish an Animal Waste Technology Fund Advisory Committee.\r\r(b) The Secretary of Agriculture shall be the Chair of the Advisory Committee and the Department will provide staff support.\r\r(c) Ex officio membership of the Advisory Committee shall include:\r\r(d) The Secretary shall appoint committee representatives to include the poultry and livestock industries, agricultural community, environmental community, agricultural fertilizer industries, energy sector, and other areas of expertise as deemed appropriate.\r\r(e) In consultation with the Animal Waste Technology Fund Advisory Committee, the Department shall:\r\r","history":null,"structure":{"0":{"label":"article","name":"Agriculture","identifier":"gag"}}}