{"section":"gag-8-7A-02","catch_line":"There is an Animal Waste Technology Fund in the Department....","text":"(a) There is an Animal Waste Technology Fund in the Department.\r\r(b) The purpose of the Animal Waste Technology Fund is to provide financial assistance to individuals and business enterprises that:\r\r(c) The goal of the Fund is to encourage the development and implementation of economically feasible technologies that help protect the public health and the environment by reducing the amount of nutrients from animal waste to enable farmers to meet nutrient management requirements and provide alternative animal waste management strategies to farmers.\r\r(d) \r\r(e) \r\r(f) The Fund consists of:\r\r(g) The Department may use money in the Fund to:\r\r(h) The Department may impose terms and conditions on financial assistance provided from the Fund, including administration and transaction fees.\r\r(i) Financial assistance provided from the Fund may be:\r\r","history":null,"structure":{"0":{"label":"article","name":"Agriculture","identifier":"gag"}}}