{"section":"gag-1-1A-02","catch_line":"The Secretary may establish a federally certified State agricultural mediation program in the Depart...","text":"(a) The Secretary may establish a federally certified State agricultural mediation program in the Department.\r\r(b) The purpose of the program is to provide eligible persons and government agencies with a voluntary and low-cost process to settle agriculturally related disputes.\r\r","history":null,"structure":{"0":{"label":"article","name":"Agriculture","identifier":"gag"}}}