{"section":"gag-8-7A-03","catch_line":"To be eligible for assistance from the Fund, an animal waste technology project shall have strong po...","text":"(a) To be eligible for assistance from the Fund, an animal waste technology project shall have strong potential for:\r\r(b) If the amount of financial assistance requested exceeds the amount of money available in the Fund, the Department shall give preference to the animal waste technology projects that demonstrate the greatest potential for:\r\r","history":null,"structure":{"0":{"label":"article","name":"Agriculture","identifier":"gag"}}}