{"section":"gbo-17-3A-02","catch_line":"Subject to the limitations of this subtitle, the Commission may issue a reciprocal license to a pers...","text":"(a) Subject to the limitations of this subtitle, the Commission may issue a reciprocal license to a person:\r\r(b) The reciprocal license shall be for the category of license the Commission determines is most similar to the category of license issued by the other state.\r\r","history":null,"structure":{"0":{"label":"article","name":"Business Occupations and Professions","identifier":"gbo"}}}