{"section":"gbo-2-4A-04","catch_line":"A system review is required for a licensee or permit holder that performs any of the following servi...","text":"(a) A system review is required for a licensee or permit holder that performs any of the following services:\r\r(b) An engagement review is required for a licensee or permit holder not required to have a system review that performs any of the following services:\r\r","history":null,"structure":{"0":{"label":"article","name":"Business Occupations and Professions","identifier":"gbo"}}}