{"section":"gbo-16-5A-03","catch_line":"...","text":"(a) A supervising appraiser shall:\r\r(b) A real estate appraiser trainee shall:\r\r(c) A real estate appraiser trainee may have more than one supervising appraiser.\r\r(d) A real estate appraiser trainee may obtain copies of appraisal reports which were prepared by that trainee from the supervising appraiser.\r\r(e) An appraiser trainee is subject to the uniform standards of professional appraisal practice.\r\r","history":null,"structure":{"0":{"label":"article","name":"Business Occupations and Professions","identifier":"gbo"}}}