{"section":"gbo-2-4A-01","catch_line":"In this subtitle the following words have the meanings indicated....","text":"(a) In this subtitle the following words have the meanings indicated.\r\r(b) \"Engagement review\" means a peer review that evaluates whether there is a reasonable basis for expressing limited assurance that:\r\r(c) \"Fail\" means, in connection with a report of a peer reviewer, one or more significant deficiencies in performing or reporting in conformity with professional standards in the individual or the firm being reviewed.\r\r(d) \"Peer review\" means a study, appraisal, or review of one or more aspects of the professional work of an individual or firm performed by a person licensed as a certified public accountant.\r\r(e) \"Report indicating pass with deficiencies\" means a report of a peer reviewer that indicates one or more deficiencies in performing or reporting in conformity with professional standards in the individual or firm being reviewed.\r\r(f) \"Review\" means the analysis of a financial statement that:\r\r(g) \"System review\" means a peer review evaluating whether there is reasonable assurance that:\r\r","history":null,"structure":{"0":{"label":"article","name":"Business Occupations and Professions","identifier":"gbo"}}}