{"section":"gbo-17-3A-04","catch_line":"...","text":"(a) Except as otherwise provided in this subtitle, the Commission shall issue a reciprocal license to an applicant licensed in another state to provide real estate brokerage services if:\r\r(b) The Commission may deny an application for a reciprocal license if the Commission finds that an applicant is not of good character and conduct based on:\r\r","history":null,"structure":{"0":{"label":"article","name":"Business Occupations and Professions","identifier":"gbo"}}}