{"section":"gbo-2-4A-03","catch_line":"...","text":"(a) A licensee or permit holder who provides services requiring peer review on or after October 1, 2005, shall comply with the peer review requirement within 3 years after initiating those services.\r\r(b) A licensee or permit holder who provides services requiring a peer review and who submits a renewal application after October 1, 2008, shall affirm under the penalties of perjury on a standard form provided by the Board completion of the licensee or permit holder's most recent peer review.\r\r(c) If the 3-year period in subsection (a) of this section has not expired prior to the date of the license or permit renewal, and the licensee or permit holder has had no peer review within the last 3 years, the licensee or permit holder must notify the Board in writing within 30 days of the date the peer review is completed.\r\r","history":null,"structure":{"0":{"label":"article","name":"Business Occupations and Professions","identifier":"gbo"}}}