{"section":"gbo-18-3A-03","catch_line":"...","text":"(a) An applicant for registration shall:\r\r(b) The application form provided by the Secretary shall contain a statement advising the applicant that willfully making a false statement on an application is a misdemeanor, subject to a fine or imprisonment or both, as provided under \u00a7 18-504 of this title.\r\r(c) An applicant for registration shall submit with the application a set of legible fingerprints of the applicant on forms approved by the Criminal Justice Information System Central Repository and the Director of the Federal Bureau of Investigation.\r\r(d) The Secretary may waive the requirements of this section and register an applicant who:\r\r(e) A minor in an apprenticeship program approved by the Department of Labor, Licensing, and Regulation or a cooperative education program established under \u00a7 18-3A-02 of this subtitle is not required to meet the criminal background check and fingerprint requirements of this section.\r\r","history":null,"structure":{"0":{"label":"article","name":"Business Occupations and Professions","identifier":"gbo"}}}