{"section":"gbo-18-3A-05","catch_line":"...","text":"(a) The Secretary shall register each applicant who meets the requirements of this subtitle.\r\r(b) The Secretary shall include on each registration that the Secretary issues:\r\r(c) For all registrations other than temporary registrations, the Secretary shall issue to each registrant a pocket identification card that includes:\r\r(d) Each registrant shall give the Secretary written notice of any change of address within 10 business days after the change.\r\r","history":null,"structure":{"0":{"label":"article","name":"Business Occupations and Professions","identifier":"gbo"}}}