{"section":"gbo-2-4A-05","catch_line":"...","text":"(a) Prior to conducting a peer review, an individual must be approved by the Board.\r\r(b) In order to receive approval from the Board, a peer reviewer shall:\r\r(c) In order to serve as a team captain of a system review, a peer reviewer must have and maintain ownership or management of a firm or comparable responsibility.\r\r(d) A peer reviewer shall have no connection to the licensee or permit holder being reviewed that might impair the peer reviewer's independence.\r\r(e) A peer reviewer shall:\r\r(f) A peer reviewer shall provide a copy of the report to the Board only if the licensee or permit holder being reviewed has:\r\r(g) A peer reviewer shall comply with all Board regulations and directives regarding the peer review process.\r\r(h) The Board may revoke its approval of a peer reviewer under this section if the peer reviewer:\r\r","history":null,"structure":{"0":{"label":"article","name":"Business Occupations and Professions","identifier":"gbo"}}}