{"section":"gbo-16-5B-01","catch_line":"...","text":"(a) In this subtitle the following words have the meanings indicated.\r\r(b) \"Appraisal management company\" means a third party authorized by a creditor of a consumer credit transaction secured by a consumer's principal dwelling, or by an underwriter of or other principal in the secondary mortgage markets, that directly or indirectly provides appraisal management services in connection with valuing properties collateralizing mortgage loans or mortgages incorporated in a securitization.\r\r(c) \r\r(d) \"Appraiser\" means a licensed real estate appraiser or a certified real estate appraiser.\r\r(e) \"Appraiser panel\" means a network of licensed or certified appraisers who are independent contractors to the appraisal management company.\r\r(f) \"Competent appraiser\" means an appraiser that satisfies each provision of the competency rule of the Uniform Standards of Professional Practice for a specific appraisal assignment that the appraiser has received, or may receive, from an appraisal management company.\r\r(g) \"Controlling person\" means:\r\r(h) \"Provide appraisal management services\" means to, directly or indirectly, on behalf of a lender, financial institution, client, or other person in conjunction with a consumer credit transaction that is secured by a consumer's primary dwelling:\r\r","history":null,"structure":{"0":{"label":"article","name":"Business Occupations and Professions","identifier":"gbo"}}}