{"section":"gbo-16-3A-04","catch_line":"Except as provided in subsection (c) of this section, subject to the licensing provisions of this se...","text":"(a) Except as provided in subsection (c) of this section, subject to the licensing provisions of this section, the Commission may issue a license by reciprocity under this section for an applicant who is licensed to provide home inspection services in another state.\r\r(b) The Commission may issue a license by reciprocity under this section for an applicant who is licensed to provide home inspection services in another state only if the applicant:\r\r(c) Subject to the licensing provisions in this section, the Commission may issue a license by reciprocity to provide home inspection services to an individual who satisfies to the Commission that the applicant is qualified based on a combination of comparable education, training, and experience in providing home inspection services.\r\r","history":null,"structure":{"0":{"label":"article","name":"Business Occupations and Professions","identifier":"gbo"}}}