{"section":"gbo-16-4A-04","catch_line":"A home inspector licensed by the Commission shall maintain general liability insurance in the amount...","text":"(a) A home inspector licensed by the Commission shall maintain general liability insurance in the amount of at least $150,000.\r\r(b) \r\r(c) Unless an applicant meets the insurance requirements of this section, the Commission may not renew the license.\r\r(d) A licensee shall give the Commission notice of the cancellation of insurance required under this section at least 10 days before the effective date of the cancellation.\r\r","history":null,"structure":{"0":{"label":"article","name":"Business Occupations and Professions","identifier":"gbo"}}}