{"section":"gbo-2-4A-02","catch_line":"...","text":"(a) \r\r(b) A peer review shall be performed and recorded in accordance with standards no less stringent than those set forth in the standards for performing and reporting on peer reviews of the American Institute of Certified Public Accountants.\r\r(c) The Board must approve a peer review program other than the peer review program of the American Institute of Certified Public Accountants prior to its use to satisfy the requirements of this section.\r\r(d) A licensee or permit holder shall affirm under the penalties of perjury on a standard form provided by the Board compliance with the peer review requirement at the time of license or permit renewal.\r\r","history":null,"structure":{"0":{"label":"article","name":"Business Occupations and Professions","identifier":"gbo"}}}