{"section":"gbo-16-5B-05","catch_line":"A person applying for registration as an appraisal management company may not be owned in whole or i...","text":"(a) A person applying for registration as an appraisal management company may not be owned in whole or in part, directly or indirectly, by:\r\r(b) The owner of an appraisal management company shall:\r\r(c) A person applying for registration as an appraisal management company shall certify to the Commission that it has reviewed each entity that owns the person and that no other entity that owns the person is directly owned by a person that has had a license or certificate to act as an appraiser refused, denied, canceled, revoked, or surrendered in any state.\r\r","history":null,"structure":{"0":{"label":"article","name":"Business Occupations and Professions","identifier":"gbo"}}}