{"section":"gbo-16-5B-03","catch_line":"...","text":"(a) A person shall register with the Commission before the person:\r\r(b) The registration required under subsection (a) of this section shall include:\r\r(c) If the registration process required under subsection (a) of this section has not been established as of the effective date of this subtitle, an appraisal management company may, without being registered under this subtitle, continue to provide appraisal management services in accordance with this subtitle for 120 days after a registration process becomes available.\r\r(d) An appraisal management company that has submitted a complete application for registration under subsection (b) of this section may continue to provide appraisal management services in accordance with this subtitle until the Commission makes a final decision to approve or deny the company's application for registration under this subtitle.\r\r","history":null,"structure":{"0":{"label":"article","name":"Business Occupations and Professions","identifier":"gbo"}}}