{"section":"gbo-16-3A-01","catch_line":"Except as otherwise provided in this title, an individual shall be licensed by the Commission as a h...","text":"(a) Except as otherwise provided in this title, an individual shall be licensed by the Commission as a home inspector before the individual may provide home inspection services in the State.\r\r(b) This title does not apply to:\r\r","history":null,"structure":{"0":{"label":"article","name":"Business Occupations and Professions","identifier":"gbo"}}}