{"section":"gbo-16-4A-05","catch_line":"Subject to the provisions of subsection (b) of this section, a licensed home inspector shall keep, f...","text":"(a) Subject to the provisions of subsection (b) of this section, a licensed home inspector shall keep, for 5 years from the date of delivery to the client, the original or a copy of:\r\r(b) If, within the 5-year period for the retention of records, a licensed home inspector is given notice that a home inspection is involved in litigation, a new 5-year period shall start on the date of the final disposition of the litigation.\r\r(c) A licensed home inspector shall make any record required to be kept under this section available to the Commission to inspect or copy.\r\r","history":null,"structure":{"0":{"label":"article","name":"Business Occupations and Professions","identifier":"gbo"}}}