{"section":"gbo-16-5B-04","catch_line":"An applicant for registration as an appraisal management company shall submit to the Commission an a...","text":"(a) An applicant for registration as an appraisal management company shall submit to the Commission an application on a form required by the Commission.\r\r(b) A registration issued under this subtitle is valid for 1 year.\r\r(c) A person applying for registration as an appraisal management company shall complete an irrevocable Uniform Consent to Service of Process, as required by the Commission.\r\r(d) The Commission may set by regulation reasonable fees for registering appraisal management companies under this subtitle.\r\r","history":null,"structure":{"0":{"label":"article","name":"Business Occupations and Professions","identifier":"gbo"}}}