{"section":"gbo-18-3A-04","catch_line":"Except for registration under \u00a7 18-3A-03(d) of this subtitle, the Secretary shall conduct a State a...","text":"(a) Except for registration under \u00a7 18-3A-03(d) of this subtitle, the Secretary shall conduct a State and national criminal records check of an applicant before registering the applicant.\r\r(b) An applicant shall pay to the Secretary the cost of any background checks before the applicant may be registered.\r\r","history":null,"structure":{"0":{"label":"article","name":"Business Occupations and Professions","identifier":"gbo"}}}