{"section":"gbo-16-5A-02","catch_line":"While a real estate appraiser trainee license is in effect, it authorizes the licensee, while under ...","text":"While a real estate appraiser trainee license is in effect, it authorizes the licensee, while under the direction and supervision of a supervising appraiser, to provide real estate appraisal services as provided under \u00a7 16-307 of this title.","history":null,"structure":{"0":{"label":"article","name":"Business Occupations and Professions","identifier":"gbo"}}}