{"section":"gbo-16-4A-01","catch_line":"A licensed home inspector shall give to each person for whom the licensee performs a home inspection...","text":"(a) A licensed home inspector shall give to each person for whom the licensee performs a home inspection for compensation or to the person's representative, a written report that states:\r\r(b) The licensee shall give the person or the person's representative the report:\r\r(c) Any limitation of the liability of the licensee for any damages resulting from the report on the home inspection shall be agreed to in writing by the parties to the home inspection prior to the performance of the home inspection.\r\r","history":null,"structure":{"0":{"label":"article","name":"Business Occupations and Professions","identifier":"gbo"}}}