{"section":"gbr-16-3A-01","catch_line":"In this subtitle the following words have the meanings indicated....","text":"(a) In this subtitle the following words have the meanings indicated.\r\r(b) \"Owner\" means the person that owns or operates an establishment in which a vending machine is located.\r\r(c) \"Tobacco product\" means any substance containing tobacco, including cigarettes, cigars, smoking tobacco, snuff, or smokeless tobacco.\r\r(d) \"Vending machine\" means any mechanical, electronic, or similar self-service device that on insertion of a coin, coins, token, or other similar means dispenses a tobacco product.\r\r","history":null,"structure":{"0":{"label":"article","name":"Business Regulation","identifier":"gbr"}}}