{"section":"gbr-6-5A-03","catch_line":"Except as provided in subsections (c) and (f) of this section, on applying for registration as a pub...","text":"(a) \r\r(b) An applicant for registration as a public safety solicitor shall submit a consolidated bond for all of the officers, agents, members, subcontractors, and employees of the public safety solicitor.\r\r(c) An applicant for registration as a public safety solicitor that submits a $25,000 irrevocable letter of credit to the Secretary of State is not required to submit a surety bond under subsection (a) of this section.\r\r(d) The Secretary of State may return a bond or irrevocable letter of credit filed under this section only if:\r\r(e) The Secretary of State shall include with an application for registration as a public safety solicitor a notice that a person may apply for return of a bond or irrevocable letter of credit after the registration period to which the bond or letter applies.\r\r(f) A public safety solicitor with a current registration shall not be required to execute and submit to the Secretary of State an additional bond or irrevocable letter of credit for each public safety organization on whose behalf public safety contributions will be solicited, provided that a separate application is submitted for each organization.\r\r","history":null,"structure":{"0":{"label":"article","name":"Business Regulation","identifier":"gbr"}}}