{"section":"gbr-17-20A-03","catch_line":"...","text":"(a) The Comptroller may provide by regulation or may order in an individual case that at least 10 days before entering the State to conduct business, a transient vendor shall notify the Comptroller, in writing, of the location or locations where it intends to conduct business and the date or dates on which it intends to conduct business.\r\r(b) While conducting business in the State, a transient vendor shall permit the Comptroller to inspect:\r\r(c) Subject to the hearing provisions of subsection (d) of this section, the Comptroller may suspend or revoke a license issued to a transient vendor under this subtitle if the transient vendor:\r\r(d) \r\r","history":null,"structure":{"0":{"label":"article","name":"Business Regulation","identifier":"gbr"}}}