{"section":"gbr-16-3B-01","catch_line":"A person may not violate a regulation adopted by the Comptroller that applies to a person who sells ...","text":"(a) A person may not violate a regulation adopted by the Comptroller that applies to a person who sells cigarettes at retail.\r\r(b) A person who violates this section is guilty of a misdemeanor and, on conviction, is subject to a fine of $100.\r\r","history":null,"structure":{"0":{"label":"article","name":"Business Regulation","identifier":"gbr"}}}