{"section":"gbr-6-5A-04","catch_line":"If the Secretary of State finds that an applicant for registration has complied with this title and ...","text":"(a) If the Secretary of State finds that an applicant for registration has complied with this title and the regulations adopted under it, the Secretary of State shall approve the application.\r\r(b) If the Secretary of State finds that an applicant for registration has not complied with this title and the regulations adopted under it applicable to registration, the Secretary of State shall notify the applicant of the reasons the applicant is not in compliance.\r\r","history":null,"structure":{"0":{"label":"article","name":"Business Regulation","identifier":"gbr"}}}