{"section":"gca-5-6B-01","catch_line":"In this subtitle the following terms have the meanings indicated....","text":"(a) In this subtitle the following terms have the meanings indicated.\r\r(b) \"Articles of incorporation\" means the charter by which a cooperative housing corporation becomes incorporated under this article.\r\r(c) \"Blanket encumbrance\" means any contract binding on a cooperative housing corporation and creating a lien or security interest or other encumbrance or imposing restrictions on any real or personal property owned by the cooperative housing corporation.\r\r(d) \"Bylaws\" means the document which details and governs the internal organization and operation of the cooperative housing corporation.\r\r(e) \"Conversion\" means the creation of a cooperative housing corporation from a property which was immediately previously a residential rental facility.\r\r(f) \"Cooperative housing corporation\" means a domestic or foreign corporation qualified in this State, either stock or nonstock, having only one class of stock or membership, in which each stockholder or member, by virtue of such ownership or membership, has a cooperative interest in the corporation.\r\r(g) \"Cooperative interest\" means the ownership interest in a cooperative housing corporation which is coupled with a possessory interest in real or personal property or both and evidenced by a membership certificate.\r\r(h) \"Cooperative project\" means all the real and personal property in this State owned or leased by the cooperative housing corporation for the primary purpose of residential use.\r\r(i) \r\r(j) \"Electronic transmission\" means any form of communication, not directly involving the physical transmission of paper, that creates a record that:\r\r(k) \"Initial purchaser\" means a member of the public, not an affiliate of or a successor to the developer, who, for value, acquires a cooperative interest as part of the initial sale of a cooperative interest which is used for residential purposes.\r\r(l) \"Initial sale\" means the first transfer of a cooperative interest to an initial purchaser.\r\r(m) \"Member\" means a person who owns a cooperative interest.\r\r(n) \"Membership certificate\" means:\r\r(o) \"Moving expenses\" means costs incurred to:\r\r(p) \"No-impact home-based business\" means a business that:\r\r(q) \r\r(r) \"Residential rental facility\" means property containing at least 10 dwelling units leased for residential purposes.\r\r(s) \"Unit\" means a portion of the cooperative project leased for exclusive occupancy by a member under a proprietary lease.\r\r","history":null,"structure":{"0":{"label":"article","name":"Corporations and Associations","identifier":"gca"}}}