{"section":"gca-5-6A-01","catch_line":"Cooperative, nonprofit, membership corporations may be organized to supply, promote, and extend the ...","text":"(a) Cooperative, nonprofit, membership corporations may be organized to supply, promote, and extend the use of transportation services.\r\r(b) Each cooperative organized under this section shall be organized and governed by the provisions of Subtitle 2, \"Nonstock Corporations\", of this title.\r\r(c) A cooperative organized under this section may use the term \"cooperative\" as part of its corporate name.\r\r","history":null,"structure":{"0":{"label":"article","name":"Corporations and Associations","identifier":"gca"}}}