{"section":"gca-5-5A-02","catch_line":"...","text":"(a) In this subtitle the following words have the meanings indicated.\r\r(b) \r\r(c) \"Cooperative basis\" as applied to any entity or corporation referred to in this subtitle means:\r\r(d) \"Delegate\" means a representative of the members elected either from the membership at large or from specific geographic districts or groups of members as defined in the bylaws.\r\r(e) \"Federated cooperative\" means a cooperative which is primarily owned and controlled by, and provides goods or services to entities operating on a cooperative basis.\r\r(f) \"Foreign cooperative\" means an entity operating on a cooperative basis which is organized or incorporated under the laws of a state other than Maryland.\r\r(g) \"Member\" means a person or household who has been qualified and accepted for membership in a cooperative according to its bylaws.\r\r(h) \"Membership capital\" means a member's capital contribution to the cooperative to secure the benefits of membership in the cooperative.\r\r(i) \"Net savings\" means a cooperative's total income minus the cost of operation, including reserves.\r\r(j) \"Person\" means a natural person or any incorporated or unincorporated entity.\r\r(k) \"Savings return\" means any payment or allocation made by the cooperative out of net savings which is computed on the basis of the patron's business with the cooperative and refunded in accordance with \u00a7 5-5A-22 of this subtitle.\r\r(l) \"Subscriber\" means any person or entity eligible for membership and legally obligated to purchase a share or shares of, or membership in, the cooperative in accordance with its bylaws.\r\r","history":null,"structure":{"0":{"label":"article","name":"Corporations and Associations","identifier":"gca"}}}