{"section":"gca-5-6C-02","catch_line":"The provisions of the Maryland General Corporation Law apply to benefit corporations except to the e...","text":"(a) The provisions of the Maryland General Corporation Law apply to benefit corporations except to the extent that:\r\r(b) This subtitle applies only to benefit corporations.\r\r(c) \r\r(d) A provision of the charter or bylaws of a benefit corporation may not be inconsistent with any provision of this subtitle.\r\r","history":null,"structure":{"0":{"label":"article","name":"Corporations and Associations","identifier":"gca"}}}