{"section":"gca-5-6C-01","catch_line":"In this subtitle the following words have the meanings indicated....","text":"(a) In this subtitle the following words have the meanings indicated.\r\r(b) \"Benefit corporation\" means a Maryland corporation that elects to be a benefit corporation in accordance with \u00a7 5-6C-03 of this subtitle and has not ceased to be a benefit corporation through the operation of \u00a7 5-6C-04 of this subtitle.\r\r(c) \"General public benefit\" means a material, positive impact on society and the environment, as measured by a third-party standard, through activities that promote a combination of specific public benefits.\r\r(d) \"Specific public benefit\" includes:\r\r(e) \"Third-party standard\" means a standard for defining, reporting, and assessing best practices in corporate social and environmental performance that:\r\r","history":null,"structure":{"0":{"label":"article","name":"Corporations and Associations","identifier":"gca"}}}