{"section":"gca-5-5A-05","catch_line":"A cooperative may be formed as a stock corporation or as a nonstock corporation....","text":"(a) A cooperative may be formed as a stock corporation or as a nonstock corporation.\r\r(b) Membership interests may be evidenced by certificates of stock, certificates of membership, or notification of credit to a member's capital or ownership account.\r\r","history":null,"structure":{"0":{"label":"article","name":"Corporations and Associations","identifier":"gca"}}}