{"section":"gca-5-6B-02","catch_line":"A contract for the initial sale of a cooperative interest to a member of the public for residential ...","text":"(a) A contract for the initial sale of a cooperative interest to a member of the public for residential use is not enforceable against the initial purchaser unless:\r\r(b) The public offering statement shall contain at least the following:\r\r(c) Statements required in this section may be summarized or produced in a collection of documents which effectively conveys the required information to the initial purchaser.\r\r(d) The requirements of this section do not apply to the sale of any cooperative interest in a unit which is to be used and occupied for nonresidential purposes.\r\r","history":null,"structure":{"0":{"label":"article","name":"Corporations and Associations","identifier":"gca"}}}