{"section":"gca-5-6C-04","catch_line":"A corporation may terminate status as a benefit corporation and cease to be subject to this subtitle...","text":"(a) A corporation may terminate status as a benefit corporation and cease to be subject to this subtitle by amending the charter of the corporation to delete the statement that the corporation is a benefit corporation.\r\r(b) An amendment terminating a corporation's status as a benefit corporation shall be approved by the stockholders of the corporation in accordance with Title 2, Subtitle 6 of this article.\r\r","history":null,"structure":{"0":{"label":"article","name":"Corporations and Associations","identifier":"gca"}}}