{"section":"gca-5-6B-05","catch_line":"At least 180 days before a tenant is required to vacate a portion of a residential rental facility u...","text":"(a) \r\r(b) The notice shall be considered to have been given to each tenant if delivered by hand or mailed, postage prepaid, to the tenant's last known address.\r\r(c) A tenant leasing a portion of a residential rental facility as a residence at the time the notice referred to in subsection (a) of this section is given to the tenant may not be required to vacate the premises prior to the expiration of 180 days from the giving of the notice except for:\r\r(d) \r\r(e) A tenant who leases a portion of a residential rental facility as a residence at the time the notice referred to in subsection (a) of this section is given may terminate the lease, without penalty for termination, upon at least 30 days' written notice to the landlord.\r\r(f) The notice referred to in subsection (a) of this section shall be sufficient for the purposes of this section if it is in substantially the following form. As to rental facilities containing fewer than 10 units, \"Section 2\" of the notice is not required to be given.\r\r(g) The failure of a landlord or owner to give notice as required by this section is a defense to an action for possession.\r\r(h) This section does not apply to a tenant whose lease term expires during the 180-day period and who has given written notice of intent not to renew the lease before the notice required by subsection (a) of this section is given.\r\r(i) A tenant may not waive the rights under this section except as otherwise provided under this subtitle.\r\r(j) At the expiration of the 180-day period a tenant shall become a tenant from month-to-month subject to the same rent, terms, and conditions as those existing at the giving of the notice required by subsection (a) of this section, if the tenant's initial lease has expired and the tenant has not:\r\r","history":null,"structure":{"0":{"label":"article","name":"Corporations and Associations","identifier":"gca"}}}