{"section":"gca-5-6B-04","catch_line":"...","text":"(a) \r\r(b) Notice of a defect shall be given to the developer within the warranty period and suit for enforcement of the warranty shall be brought within 1 year after expiration of the warranty period.\r\r(c) Warranties do not apply to any damage caused through abuse or failure to perform maintenance by a member or the cooperative housing corporation.\r\r","history":null,"structure":{"0":{"label":"article","name":"Corporations and Associations","identifier":"gca"}}}