{"section":"gca-5-6B-03","catch_line":"Within 15 days after a contract is signed or a public offering statement is received, whichever occu...","text":"(a) Within 15 days after a contract is signed or a public offering statement is received, whichever occurs later, the initial purchaser may rescind, in writing, the contract without any liability on the initial purchaser's part, and shall thereupon be entitled to the prompt return of the deposit made on account of the contract.\r\r(b) \r\r(c) If the developer fails to comply with the requirements of this section, the initial purchaser before the issuance of a membership certificate may rescind, in writing, the contract, without liability on the initial purchaser's part and shall thereupon be entitled to the prompt return of any deposits made on account of the contract.\r\r(c-1) If any deposits are held in trust by a licensed real estate broker, the return of the deposits to an initial purchaser under subsection (a), (b), or (c) of this section shall comply with the procedures set forth in \u00a7 17-505 of the Business Occupations and Professions Article.\r\r(d) \r\r(e) The rights of initial purchasers under this section may not be waived and an attempted waiver is void. If a membership certificate is issued and delivered, the initial purchaser's rights to rescind under this section are terminated.\r\r(f) The requirements of this section do not apply to the sale of any unit which is to be used and occupied for nonresidential purposes.\r\r","history":null,"structure":{"0":{"label":"article","name":"Corporations and Associations","identifier":"gca"}}}