{"section":"gcj-10-4B-02","catch_line":"...","text":"(a) Except as provided in subsection (b) of this section, a person may not install or use a pen register or a trap and trace device without first obtaining a court order under \u00a7 10-4B-04 of this subtitle.\r\r(b) Subsection (a) of this section does not apply to the use of a pen register or a trap and trace device by a provider of wire or electronic communication service:\r\r(c) A person who violates subsection (a) of this section, upon conviction, is subject to a fine not exceeding $5,000 or imprisonment not exceeding 1 year, or both.\r\r","history":null,"structure":{"0":{"label":"article","name":"Courts and Judicial Proceedings","identifier":"gcj"}}}