{"section":"gcj-10-4A-04","catch_line":"An investigative or law enforcement officer may require a provider of wire or electronic communicati...","text":"(a) \r\r(b) \r\r(c) \r\r(d) \r\r(e) Nothing in this subtitle may be construed as creating a cause of action against any provider of wire or electronic communication service, its officers, employees, agents, or other specified persons for providing information, facilities, or assistance in accordance with the terms of a court order, warrant, subpoena, or certification under this subtitle.\r\r","history":null,"structure":{"0":{"label":"article","name":"Courts and Judicial Proceedings","identifier":"gcj"}}}