{"section":"gcj-2-5A-05","catch_line":"All employees of the office of the clerk of the Circuit Court for Baltimore City shall be employees ...","text":"All employees of the office of the clerk of the Circuit Court for Baltimore City shall be employees of this State and, except as otherwise provided in this article or other provision of law for specific purposes, are subject to all of the benefits and responsibilities applicable to any other State employee generally.","history":null,"structure":{"0":{"label":"article","name":"Courts and Judicial Proceedings","identifier":"gcj"}}}