{"section":"gcj-3-2A-03A","catch_line":"...","text":"(a) There is a Health Claims Arbitration Fund.\r\r(b) At the time of the filing of any claim or a response to a claim, the Director shall collect a fee of:\r\r(c) \r\r(d) \r\r(e) \r\r(f) \r\r(g) The Legislative Auditor shall audit the accounts and transactions of the Fund as provided in \u00a7 2-1220 of the State Government Article.\r\r","history":null,"structure":{"0":{"label":"article","name":"Courts and Judicial Proceedings","identifier":"gcj"}}}