{"section":"gcj-3-8C-05","catch_line":"A petition under this subtitle shall allege that a child who is required to attend school failed to ...","text":"(a) A petition under this subtitle shall allege that a child who is required to attend school failed to attend school without lawful excuse and shall set forth in clear and simple language the facts supporting the allegation.\r\r(b) \r\r","history":null,"structure":{"0":{"label":"article","name":"Courts and Judicial Proceedings","identifier":"gcj"}}}