{"section":"gcj-3-2B-05","catch_line":"Any complaint filed in circuit court with respect to international commercial arbitration shall be f...","text":"(a) Any complaint filed in circuit court with respect to international commercial arbitration shall be filed with the court in the county:\r\r(b) If the agreement does not provide for a county in which a complaint shall be filed or if the hearing has not been held, the complaint shall be filed with the court:\r\r","history":null,"structure":{"0":{"label":"article","name":"Courts and Judicial Proceedings","identifier":"gcj"}}}