{"section":"gcj-3-2A-02","catch_line":"...","text":"(a) \r\r(b) A claim filed under this subtitle and an initial pleading filed in any subsequent action may not contain a statement of the amount of damages sought other than that they are more than a required jurisdictional amount.\r\r(c) \r\r(d) Except as otherwise provided, the Maryland Rules shall apply to all practice and procedure issues arising under this subtitle.\r\r","history":null,"structure":{"0":{"label":"article","name":"Courts and Judicial Proceedings","identifier":"gcj"}}}