{"section":"gcj-3-2A-01","catch_line":"In this subtitle the following terms have the meanings indicated unless the context of their use req...","text":"(a) In this subtitle the following terms have the meanings indicated unless the context of their use requires otherwise.\r\r(b) \"Arbitration panel\" means the arbitrators selected to determine a health care malpractice claim in accordance with this subtitle.\r\r(c) \"Court\" means a circuit court for a county.\r\r(d) \"Director\" means the Director of the Health Care Alternative Dispute Resolution Office.\r\r(e) \"Economic damages\" retains its judicially determined meaning.\r\r(f) \r\r(g) \"Medical injury\" means injury arising or resulting from the rendering or failure to render health care.\r\r(h) \"Noneconomic damages\" means:\r\r","history":null,"structure":{"0":{"label":"article","name":"Courts and Judicial Proceedings","identifier":"gcj"}}}