{"section":"gcj-10-4B-03","catch_line":"...","text":"(a) An investigative or law enforcement officer may make application for an order or an extension of an order under \u00a7 10-4B-04 of this subtitle authorizing or approving the installation and use of a pen register or a trap and trace device, in writing, under oath or equivalent affirmation, to a court of competent jurisdiction of this State.\r\r(b) An application under subsection (a) of this section shall include:\r\r","history":null,"structure":{"0":{"label":"article","name":"Courts and Judicial Proceedings","identifier":"gcj"}}}