{"section":"gcj-3-2B-03","catch_line":"In all matters relating to the process and enforcement of international commercial arbitration and a...","text":"(a) In all matters relating to the process and enforcement of international commercial arbitration and awards, the laws of Maryland shall be the arbitration statutes and laws of the United States.\r\r(b) This subtitle shall be interpreted and construed as to promote uniformity in the law of international commercial arbitration in the United States.\r\r","history":null,"structure":{"0":{"label":"article","name":"Courts and Judicial Proceedings","identifier":"gcj"}}}