{"section":"gcj-3-8A-01","catch_line":"...","text":"(a) In this subtitle the following words have the meanings indicated, unless the context of their use indicates otherwise.\r\r(b) \"Adjudicatory hearing\" means a hearing under this subtitle to determine whether the allegations in the petition, other than allegations that the child requires treatment, guidance, or rehabilitation, are true.\r\r(c) \"Adult\" means an individual who is at least 18 years old.\r\r(d) \"Child\" means an individual under the age of 18 years.\r\r(e) \"Child in need of supervision\" is a child who requires guidance, treatment, or rehabilitation and:\r\r(f) \"Citation\" means the written form issued by a police officer which serves as the initial pleading against a child for a violation and which is adequate process to give the court jurisdiction over the person cited.\r\r(g) \"Commit\" means to transfer legal custody.\r\r(h) \r\r(i) \"Competency hearing\" means a hearing under this subtitle to determine whether a child alleged to be delinquent is mentally competent to participate in a waiver hearing under \u00a7 3-8A-06 of this subtitle, an adjudicatory hearing under \u00a7 3-8A-18 of this subtitle, a disposition hearing under \u00a7 3-8A-19 of this subtitle, or a violation of probation hearing.\r\r(j) \"Court\" means the circuit court for a county sitting as the juvenile court.\r\r(k) \"Custodian\" means a person or agency to whom legal custody of a child has been given by order of the court, other than the child's parent or legal guardian.\r\r(l) \"Delinquent act\" means an act which would be a crime if committed by an adult.\r\r(m) \"Delinquent child\" is a child who has committed a delinquent act and requires guidance, treatment, or rehabilitation.\r\r(n) \"Detention\" means the temporary care of children who, pending court disposition, require secure custody for the protection of themselves or the community, in physically restricting facilities.\r\r(o) \"Developmental disability\" means a severe chronic disability of a child that:\r\r(p) \"Disposition hearing\" means a hearing under this subtitle to determine:\r\r(q) \"Incompetent to proceed\" means that a child is not able to:\r\r(r) \"Intake officer\" means the person assigned to the court by the Department of Juvenile Services to provide the intake services set forth in this subtitle.\r\r(s) \r\r(t) \"Mental retardation\" means a developmental disability that is evidenced by intellectual functioning that is significantly below average and impairment in the adaptive behavior of a child.\r\r(u) \"Mentally handicapped child\" means a child who is or may be mentally retarded or mentally ill.\r\r(v) \"Party\" includes a child who is the subject of a petition or a peace order request, the child's parent, guardian, or custodian, the petitioner and an adult who is charged under \u00a7 3-8A-30 of this subtitle.\r\r(w) \"Peace order proceeding\" means a proceeding under \u00a7 3-8A-19.2 or \u00a7 3-8A-19.4 of this subtitle.\r\r(x) \"Peace order request\" means the initial pleading filed with the court under \u00a7 3-8A-19.1 of this subtitle.\r\r(y) \"Petition\" means the pleading filed with the court under \u00a7 3-8A-13 of this subtitle alleging that a child is a delinquent child or a child in need of supervision or that an adult violated \u00a7 3-8A-30 of this subtitle.\r\r(z) \"Qualified expert\" means a licensed psychologist or licensed psychiatrist who:\r\r(aa) \"Respondent\" means the individual against whom a petition or a peace order request is filed.\r\r(bb) \r\r(cc) \r\r(dd) \"Violation\" means a violation for which a citation is issued under:\r\r(ee) \"Witness\" means any person who is or expects to be a State's witness.\r\r","history":null,"structure":{"0":{"label":"article","name":"Courts and Judicial Proceedings","identifier":"gcj"}}}