{"section":"gcj-3-2A-03","catch_line":"...","text":"(a) The Health Care Alternative Dispute Resolution Office is created as a unit in the Executive Department. It is headed by a Director appointed by the Governor with the advice and consent of the Senate.\r\r(b) \r\r(c) \r\r(d) The Director shall by regulation determine the fees that may be charged by arbitrators for services rendered by them in proceedings conducted pursuant to this subtitle.\r\r","history":null,"structure":{"0":{"label":"article","name":"Courts and Judicial Proceedings","identifier":"gcj"}}}