{"section":"gcj-10-4B-01","catch_line":"In this subtitle the following words have the meanings indicated....","text":"(a) In this subtitle the following words have the meanings indicated.\r\r(b) \"Court of competent jurisdiction\" means any circuit court having jurisdiction over the crime being investigated regardless of the location of the instrument or process from which a wire or electronic communication is transmitted or received.\r\r(c) \r\r(d) \r\r(e) \"Wire communication\", \"electronic communication\", and \"electronic communication service\" have the meanings stated in \u00a7 10-401 of this title.\r\r","history":null,"structure":{"0":{"label":"article","name":"Courts and Judicial Proceedings","identifier":"gcj"}}}