{"section":"gcj-10-4A-02","catch_line":"Except as provided in subsection (c) of this section, a person may not obtain, alter, or prevent aut...","text":"(a) Except as provided in subsection (c) of this section, a person may not obtain, alter, or prevent authorized access to a wire or electronic communication while it is in electronic storage in an electronic communications system by:\r\r(b) A person who violates the provisions of subsection (a) of this section is subject to the following penalties:\r\r(c) Subsection (a) of this section does not apply to conduct authorized:\r\r","history":null,"structure":{"0":{"label":"article","name":"Courts and Judicial Proceedings","identifier":"gcj"}}}