{"section":"gcj-3-8C-03","catch_line":"A child who is required under \u00a7 7-301 of the Education Article to attend school may not fail to do ...","text":"(a) A child who is required under \u00a7 7-301 of the Education Article to attend school may not fail to do so without lawful excuse.\r\r(b) A violation of this section is a Code violation and is a civil offense.\r\r(c) Adjudication of a Code violation under this section is not a criminal conviction for any purpose and does not impose any of the civil disabilities ordinarily imposed by a criminal conviction.\r\r","history":null,"structure":{"0":{"label":"article","name":"Courts and Judicial Proceedings","identifier":"gcj"}}}