{"section":"gcj-3-8A-03","catch_line":"In addition to the jurisdiction specified in Subtitle 8 of this title, the court has exclusive origi...","text":"(a) In addition to the jurisdiction specified in Subtitle 8 of this title, the court has exclusive original jurisdiction over:\r\r(b) The court has concurrent jurisdiction over proceedings against an adult for the violation of \u00a7 3-8A-30 of this subtitle. However, the court may waive its jurisdiction under this subsection upon its own motion or upon the motion of any party to the proceeding, if charges against the adult arising from the same incident are pending in the criminal court. Upon motion by either the State's Attorney or the adult charged under \u00a7 3-8A-30 of this subtitle, the court shall waive its jurisdiction, and the adult shall be tried in the criminal court according to the usual criminal procedure.\r\r(c) The jurisdiction of the court is concurrent with that of the District Court in any criminal case arising under the compulsory public school attendance laws of this State.\r\r(d) The court does not have jurisdiction over:\r\r(e) If the child is charged with two or more violations of the Maryland Vehicle Law, another traffic law or ordinance, or the State Boat Act, allegedly arising out of the same incident and which would result in the child being brought before both the court and a court exercising criminal jurisdiction, the court has exclusive jurisdiction over all of the charges.\r\r","history":null,"structure":{"0":{"label":"article","name":"Courts and Judicial Proceedings","identifier":"gcj"}}}