{"section":"gcj-3-2A-05","catch_line":"Except as provided under paragraph (2) of this subsection, all issues of law shall be referred by th...","text":"(a) \r\r(b) \r\r(c) The attorney member of the panel shall be chairman and he shall decide all prehearing procedures including issues relating to discovery and motions in limine. The chairman shall rule in camera on any motion in limine.\r\r(d) A party may not present testimony from more than 2 experts in a designated specialty before an arbitration panel unless the panel chairman, for good cause shown, permits additional experts.\r\r(e) \r\r(f) \r\r(g) \r\r(h) \r\r(i) Subject to \u00a7 3-2A-06 of this subtitle, the award of the panel shall be final and binding on the parties. After the time for either rejecting or modifying the award has expired the Director may, or, when requested by any party, shall file a copy of the award with the circuit court having proper venue, as provided in Title 6, Subtitle 2 of this article and the court shall confirm the award. Upon confirmation the award shall constitute a final judgment.\r\r(j) Except for time limitations pertaining to the filing of a claim or response, the Director or the panel chairman, for good cause shown, may lengthen or shorten the time limitations prescribed in subsections (b) and (g) of this section and \u00a7 3-2A-04 of this subtitle.\r\r","history":null,"structure":{"0":{"label":"article","name":"Courts and Judicial Proceedings","identifier":"gcj"}}}