{"section":"gcj-3-8C-02","catch_line":"The Circuit Administrative Judge of the First Circuit may establish a Truancy Reduction Pilot Progra...","text":"(a) \r\r(b) After consultation with the administrative judges of the first, second, third, and seventh circuits, the Chief Judge of the Court of Appeals may accept a gift or grant to implement the pilot programs in each respective circuit.\r\r","history":null,"structure":{"0":{"label":"article","name":"Courts and Judicial Proceedings","identifier":"gcj"}}}