{"section":"gcj-10-4A-01","catch_line":"In this subtitle the following words have the meanings indicated....","text":"(a) In this subtitle the following words have the meanings indicated.\r\r(b) The following words have the meanings stated in \u00a7 10-401 of this title:\r\r(c) \"Remote computing service\" means the provision to the public of computer storage or processing services by means of an electronic communications system.\r\r","history":null,"structure":{"0":{"label":"article","name":"Courts and Judicial Proceedings","identifier":"gcj"}}}