{"section":"gcj-2-5A-02","catch_line":"The personnel merit system for the office of the clerk of the Circuit Court for Baltimore City is cr...","text":"The personnel merit system for the office of the clerk of the Circuit Court for Baltimore City is created to provide for and administer the hiring and the other employment policies, procedures, requirements, and programs, as provided in \u00a7 2-5A-07 of this subtitle.","history":null,"structure":{"0":{"label":"article","name":"Courts and Judicial Proceedings","identifier":"gcj"}}}