{"section":"gcj-2-5A-01","catch_line":"In this subtitle the following words have the meaning indicated....","text":"(a) In this subtitle the following words have the meaning indicated.\r\r(b) \"Director\" means the director of the personnel merit system.\r\r(c) \"Employee\" means a person who is employed in a position that is subject to the personnel merit system.\r\r(d) \"Personnel merit system\" means the personnel merit system for the office of the clerk of the Circuit Court for Baltimore City, as created and provided for under this subtitle.\r\r","history":null,"structure":{"0":{"label":"article","name":"Courts and Judicial Proceedings","identifier":"gcj"}}}