{"section":"gcj-3-2C-01","catch_line":"In this subtitle the following words have the meanings indicated....","text":"(a) In this subtitle the following words have the meanings indicated.\r\r(b) \"Claim\" means a civil action, including an original claim, counterclaim, cross-claim, or third-party claim, originally filed in a circuit court or United States District Court against a licensed professional or the employer, partnership, or other entity through which the licensed professional performed professional services that is based on the licensed professional's alleged negligent act or omission in rendering professional services, within the scope of the professional's license, permit, or certificate, for others.\r\r(c) \"Licensed professional\" means:\r\r(d) \r\r","history":null,"structure":{"0":{"label":"article","name":"Courts and Judicial Proceedings","identifier":"gcj"}}}