{"section":"gcl-14-12B-04","catch_line":"...","text":"(a) If a buyer described in \u00a7 14-12B-01(d)(1)(i) of this subtitle becomes disabled during the membership term, the buyer is entitled to extend the membership contract for a period equal to the duration of the disability.\r\r(b) The provisions of subsection (a) of this section do not apply unless the disability is confirmed by a physician and is for a period longer than 3 months.\r\r(c) If a health club facility at which a buyer of health club services is provided with those services is closed for a period longer than 1 month through no fault of the buyer, the buyer is entitled to:\r\r(d) \r\r","history":null,"structure":{"0":{"label":"article","name":"Commercial Law","identifier":"gcl"}}}