{"section":"gcl-14-4A-01","catch_line":"...","text":"(a) In this subtitle the following words have the meanings indicated.\r\r(b) \"Administrator\" means a person that is designated by a warrantor to be responsible for the administration of a vehicle protection product warranty.\r\r(c) \"Division\" means the Division of Consumer Protection of the Office of the Attorney General.\r\r(d) \r\r(e) \r\r(f) \"Vehicle protection product warranty\" means a written agreement by a warrantor that provides that if a vehicle protection product fails to prevent loss or damage to a vehicle from a specific cause, the warrantor shall pay to, or on behalf of, the warranty holder specified incidental costs incurred as a result of the failure of the vehicle protection product to perform in accordance with the terms of the vehicle protection product warranty.\r\r(g) \r\r(h) \"Warranty holder\" means a person that purchases a vehicle protection product warranty or a permitted transferee.\r\r(i) \"Warranty reimbursement insurance policy\" means a policy of insurance that is issued to a warrantor to:\r\r","history":null,"structure":{"0":{"label":"article","name":"Commercial Law","identifier":"gcl"}}}