{"section":"gcl-14-4A-02","catch_line":"This subtitle does not apply to:...","text":"(a) This subtitle does not apply to:\r\r(b) A vehicle protection product warranty is not subject to the provisions of Subtitle 4 of this title.\r\r(c) A seller or warrantor of a vehicle protection product, or a warrantor's administrator, that complies with this subtitle is not subject to any provisions of the Insurance Article.\r\r","history":null,"structure":{"0":{"label":"article","name":"Commercial Law","identifier":"gcl"}}}