{"section":"gcl-14-4A-05","catch_line":"Except for information received under \u00a7 14-4A-04(b)(5)(ii) of this subtitle, any information receiv...","text":"Except for information received under \u00a7 14-4A-04(b)(5)(ii) of this subtitle, any information received by the Division in the course of administering this subtitle shall be made available to the public, subject to the provisions of the Maryland Public Information Act.","history":null,"structure":{"0":{"label":"article","name":"Commercial Law","identifier":"gcl"}}}