{"section":"gcl-11-8A-01","catch_line":"In this subtitle the following words have the meanings indicated....","text":"(a) In this subtitle the following words have the meanings indicated.\r\r(b) \"Art dealer\" means an individual, partnership, firm, association, or corporation, other than a public auctioneer, that undertakes to sell a work of fine art created by someone else.\r\r(c) \"Artist\" means the creator of a work of fine art.\r\r(d) \"On consignment\" means delivered to an art dealer for the purpose of sale or exhibition, or both, to the public by the art dealer other than at a public auction.\r\r(e) \"Work of fine art\" means an original art work which is:\r\r","history":null,"structure":{"0":{"label":"article","name":"Commercial Law","identifier":"gcl"}}}