{"section":"gcl-11-5A-02","catch_line":"...","text":"(a) This section does not apply to an individual who produces unpackaged cigarettes for the individual's consumption by using:\r\r(b) Notwithstanding any other provision of law, a retailer or vending machine operator may not purchase from a tobacco product manufacturer or sell, resell, distribute, dispense, or give away to any person an unpackaged cigarette.\r\r(c) Notwithstanding any other provision of law, a wholesaler may not sell, resell, distribute, dispense, or give away to any person in this State an unpackaged cigarette.\r\r(d) In addition to any other penalties provided by law, a person who violates this section is guilty of a misdemeanor and on conviction is subject to a fine not exceeding $500 or imprisonment not exceeding 3 months or both.\r\r","history":null,"structure":{"0":{"label":"article","name":"Commercial Law","identifier":"gcl"}}}