{"section":"gcl-11-8A-03","catch_line":"Notwithstanding the subsequent purchase of the work of fine art by the art dealer directly or indire...","text":"Notwithstanding the subsequent purchase of the work of fine art by the art dealer directly or indirectly for the art dealer's own account, a work of fine art that is bailment property when initially accepted by the art dealer remains bailment property until the purchase price, minus the agreed upon commission, is paid in full to the artist.","history":null,"structure":{"0":{"label":"article","name":"Commercial Law","identifier":"gcl"}}}