{"section":"gcl-14-12A-01","catch_line":"In this subtitle the following words have the meanings indicated....","text":"(a) In this subtitle the following words have the meanings indicated.\r\r(b) \"Advertising\" means any oral, written, printed, or graphic statement or representation made in connection with the solicitation or sale of basement waterproofing services.\r\r(c) \"Basement\" means a subsurface or subterranean portion of a home, dwelling, or other building.\r\r(d) \"Basement waterproofing\" means the use or application of materials or processes for the prevention or control of water leakage or water flow through the basement walls or flooring into the interior portion of a basement.\r\r(e) \"Engineer's analysis\" means a written report, from a professional engineer or architect licensed in this State, containing:\r\r(f) \"Seller\" means a person, or an agent, representative, or employee of a person engaged in the business of basement waterproofing.\r\r(g) \"Seller's analysis\" means a written statement, by the seller, of the causes and conditions responsible for the buyer's basement water problem and the specific processes and materials to be used to correct the problem.\r\r(h) \"Soil injection\/pressure pumping\" means a basement waterproofing process in connection with waterproofing services in which:\r\r(i) \"Waterproofing technique\" means any single process designed to prevent or control water leakage into a house or dwelling, but does not include the combination of two or more processes.\r\r","history":null,"structure":{"0":{"label":"article","name":"Commercial Law","identifier":"gcl"}}}