{"section":"gcl-14-25A-01","catch_line":"A distributor of telephone equipment, receivers, or components may not sell, rent, lease, or install...","text":"(a) A distributor of telephone equipment, receivers, or components may not sell, rent, lease, or install telephones that include equipment, receivers, or components preventing the effective use of hearing aid devices unless the distributor notifies the customer that the equipment is incompatible with hearing aid devices.\r\r(b) A person who willfully violates this section is guilty of a misdemeanor and on conviction is subject to a fine not exceeding $500 or imprisonment not exceeding 6 months or both.\r\r","history":null,"structure":{"0":{"label":"article","name":"Commercial Law","identifier":"gcl"}}}