{"section":"gcl-11-5A-01","catch_line":"In this subtitle the following words have the meanings indicated....","text":"(a) In this subtitle the following words have the meanings indicated.\r\r(b) \"Retailer\" has the meaning stated in \u00a7 11-501(i) of this title.\r\r(c) \"Sell\" has the meaning stated in \u00a7 11-501(j) of this title.\r\r(d) \"Unpackaged cigarette\" means any cigarette not contained in a sealed package of 20 or more cigarettes.\r\r(e) \"Vending machine operator\" has the meaning stated in \u00a7 11-501(k) of this title.\r\r(f) \"Wholesaler\" has the meaning stated in \u00a7 11-501(m) of this title.\r\r","history":null,"structure":{"0":{"label":"article","name":"Commercial Law","identifier":"gcl"}}}