{"section":"gcl-14-12B-02","catch_line":"...","text":"(a) Each person who sells health club services in this State shall register with the Division on forms the Division provides. The person shall furnish the full name and address of each business location where health club services are sold as well as any other registration information the Division deems appropriate.\r\r(b) \r\r(c) At least one member of the board of directors of each seller of health club services in this State shall be a resident of a county where a club of the seller is located and shall serve as a resident agent for receipt of service of process.\r\r(d) The Division may bring an action for mandamus against a health club to require the club to register or to have and maintain the surety required by this section.\r\r(e) \r\r(f) \r\r(g) \r\r(h) \r\r(i) For purposes of subsections (e) and (f) of this section, any initiation fee, or other fee, that exceeds $200 and that is not identified as a payment for specific future services will be deemed to be a payment for services to be delivered during the initial 2 years of the buyer's membership term.\r\r(j) Any information received by the Division in the course of administering the registration program under this subtitle shall be made available to the public subject to the provisions of the Maryland Public Information Act.\r\r","history":null,"structure":{"0":{"label":"article","name":"Commercial Law","identifier":"gcl"}}}