{"section":"gcl-14-12B-05","catch_line":"If a health club facility is not in existence on the date the health club services agreement is exec...","text":"(a) If a health club facility is not in existence on the date the health club services agreement is executed:\r\r(b) If the buyer cancels under this section, the health club facility shall refund any deposit, down payment, or payment on the agreement including any initiation, deposit, membership, or other fees.\r\r","history":null,"structure":{"0":{"label":"article","name":"Commercial Law","identifier":"gcl"}}}