{"section":"ged-3-12A-02","catch_line":"...","text":"(a) The State Board may remove a member of the county board for any of the following reasons:\r\r(b) Before removing a member, the State Board shall send the member a copy of the charges against the member and give the member an opportunity within 10 days to request a hearing.\r\r(c) If the member requests a hearing within the 10-day period:\r\r(d) A member removed under this section has the right to a de novo review of the removal by the Circuit Court for Talbot County.\r\r","history":null,"structure":{"0":{"label":"article","name":"Economic Development","identifier":"ged"}}}