{"section":"ged-7-4A-04","catch_line":"A majority of the members then serving on the Council is a quorum....","text":"(a) A majority of the members then serving on the Council is a quorum.\r\r(b) The Council shall determine the times and places of its meetings and any other necessary operating procedures which may include the establishment of subcommittees, consultant panels, or work groups utilizing the expertise of noncouncil and nonpanel members.\r\r","history":null,"structure":{"0":{"label":"article","name":"Economic Development","identifier":"ged"}}}