{"section":"ged-3-6A-02","catch_line":"...","text":"(a) Except for the student member, the State Board may remove a voting member of the county board for:\r\r(b) Before removing a member, the State Board shall send the member a copy of the charges and give the member an opportunity to request a hearing within 10 days.\r\r(c) If the member requests a hearing within the 10-day period:\r\r(d) A member removed under this section has the right to a de novo review of the removal by the Circuit Court for Harford County.\r\r","history":null,"structure":{"0":{"label":"article","name":"Economic Development","identifier":"ged"}}}