{"section":"ged-3-4A-01","catch_line":"The Cecil County Board consists of six members as follows:...","text":"(a) The Cecil County Board consists of six members as follows:\r\r(b) The five voting members of the county board shall be elected at a general election as required by subsection (c) of this section.\r\r(c) \r\r(d) \r\r(e) The terms of the voting members are staggered as follows:\r\r(f) \r\r","history":null,"structure":{"0":{"label":"article","name":"Economic Development","identifier":"ged"}}}