{"section":"ged-18-19A-03","catch_line":"The Board may issue requests for proposals to evaluate and determine the means for the administratio...","text":"(a) \r\r(b) \r\r(c) \r\r(d) The Board shall adopt procedures to ensure that contributions to the Plan plus contributions or payments to other qualified State tuition programs do not exceed a total maximum amount determined under \u00a7 529 of the Internal Revenue Code for contributions to multiple qualified State tuition programs.\r\r(e) \r\r","history":null,"structure":{"0":{"label":"article","name":"Economic Development","identifier":"ged"}}}