{"section":"ged-18-14A-02","catch_line":"...","text":"(a) Funds for the Early College Access Grant Program shall be allocated by the Commission to an institution of higher education based on the number of dually enrolled students receiving credit for courses completed at the institution.\r\r(b) Funds for the Early College Access Grant Program shall be as provided in the annual budget of the Commission by the Governor.\r\r","history":null,"structure":{"0":{"label":"article","name":"Economic Development","identifier":"ged"}}}