{"section":"ged-7-4A-03","catch_line":"...","text":"(a) The Council consists of the following 25 members:\r\r(b) In making the appointments required under this section, the Governor shall ensure that the Council is representative of:\r\r(c) \r\r(d) The Governor shall appoint a successor in the event of a vacancy on the Council.\r\r(e) From among the members of the Council, the Governor shall designate a chairman for a 2-year term.\r\r(f) A member of the Council may not receive compensation but is entitled to reimbursement for expenses under the Standard State Travel Regulations, as provided in the State budget.\r\r","history":null,"structure":{"0":{"label":"article","name":"Economic Development","identifier":"ged"}}}