{"section":"ged-3-12A-01","catch_line":"The Talbot County Board consists of:...","text":"(a) The Talbot County Board consists of:\r\r(b) The elected members of the county board shall be elected:\r\r(c) \r\r(d) \r\r(e) \r\r(f) The terms of the voting members are staggered as follows:\r\r(g) \r\r(h) The student member shall be appointed and serve on the county board in accordance with \u00a7 3-12A-06 of this subtitle.\r\r","history":null,"structure":{"0":{"label":"article","name":"Economic Development","identifier":"ged"}}}