{"section":"ged-7-4A-05","catch_line":"The purpose of the Council is to coordinate the interagency effort to develop, sustain, and promote ...","text":"(a) The purpose of the Council is to coordinate the interagency effort to develop, sustain, and promote quality school-based health centers in Maryland.\r\r(b) In consultation with appropriate State agencies and other interested organizations, including representatives from academic institutions, health care providers, and payors, the Council shall:\r\r","history":null,"structure":{"0":{"label":"article","name":"Economic Development","identifier":"ged"}}}