{"section":"ged-3-5A-05","catch_line":"The county board shall meet at least once each month....","text":"(a) The county board shall meet at least once each month.\r\r(b) Except for those actions authorized by subsection (c) of this section, all actions of the county board shall be taken at a public meeting and a record of the meeting and all actions shall be made public.\r\r(c) The county board may take actions in executive session in accordance with \u00a7 10-508 of the State Government Article.\r\r","history":null,"structure":{"0":{"label":"article","name":"Economic Development","identifier":"ged"}}}