{"section":"ged-3-3A-01","catch_line":"In this subtitle the following words have the meanings indicated....","text":"(a) In this subtitle the following words have the meanings indicated.\r\r(b) \"Appointed member\" means one of the two voting members appointed by the Governor, with the advice and consent of the Senate, under \u00a7 3-3A-02(b)(3)(i)1 of this subtitle.\r\r(c) \"Board of education district\" or \"district\" means a geographic area of Caroline County in which an elected member of the Caroline County Board of Education must be a legal resident.\r\r(d) \r\r","history":null,"structure":{"0":{"label":"article","name":"Economic Development","identifier":"ged"}}}