{"section":"ged-18-14A-01","catch_line":"...","text":"(a) In this section, \"dually enrolled student\" means a student who is dually enrolled in:\r\r(b) In cooperation with institutions of higher education in the State, the Commission shall establish and administer a grant program for dually enrolled students.\r\r(c) A recipient of an early college access grant shall:\r\r(d) For courses completed under the program, a recipient of an early college access grant is not required to receive credit from a secondary school and an institution of higher education at the same time.\r\r","history":null,"structure":{"0":{"label":"article","name":"Economic Development","identifier":"ged"}}}