{"section":"ged-3-3A-05","catch_line":"The president of the county board is entitled to receive $4,000 annually as compensation, and the ot...","text":"(a) The president of the county board is entitled to receive $4,000 annually as compensation, and the other voting members are entitled to receive $3,500 each annually as compensation.\r\r(b) As provided in the Caroline County budget, each voting member is entitled to an allowance for travel and other expenses.\r\r(c) A voting member is not eligible for any fringe benefit provided by the Caroline County Public School System, the Caroline County Board of Education, or the County Commissioners of Caroline County, including:\r\r","history":null,"structure":{"0":{"label":"article","name":"Economic Development","identifier":"ged"}}}