{"section":"ged-18-19B-05","catch_line":"...","text":"(a) \r\r(b) Neither the State nor any eligible educational institution shall be liable for any losses or shortage of funds in the event that the account holder's investment account balance is insufficient to meet the tuition requirements of an institution attended by the qualified designated beneficiary.\r\r(c) Moneys of the Broker-Dealer Plan may not be considered moneys of the State or deposited in the State Treasury.\r\r(d) Moneys of the Broker-Dealer Plan may not be considered moneys of or commingled with the Maryland Prepaid College Trust.\r\r(e) Moneys of the Broker-Dealer Plan may not be considered moneys of or commingled with the Maryland College Investment Plan.\r\r","history":null,"structure":{"0":{"label":"article","name":"Economic Development","identifier":"ged"}}}