{"section":"ged-3-6A-04","catch_line":"...","text":"(a) Each nonstudent member of the Harford County Board is entitled to receive $3,600 annually for travel and other expenses related to the performance of duties as a member of the board.\r\r(b) Payments to a nonstudent member for the expenses described in subsection (a) of this section shall be paid in 12 equal monthly installments.\r\r(c) Subject to the approval of the board, a nonstudent member may be reimbursed for additional travel and other expenses.\r\r","history":null,"structure":{"0":{"label":"article","name":"Economic Development","identifier":"ged"}}}