{"section":"ged-18-19A-01","catch_line":"...","text":"(a) In this subtitle the following words have the meanings indicated.\r\r(b) \"Account holder\" means the person who established an investment account on behalf of a qualified designated beneficiary.\r\r(c) \"Board\" means the College Savings Plans of Maryland Board established under \u00a7 18-1904 of this title.\r\r(d) \"Eligible educational institution\" has the meaning stated in \u00a7 529(e) of the Internal Revenue Code.\r\r(e) \"Investment account\" means an account established by an account holder under this subtitle on behalf of a qualified designated beneficiary for the purpose of applying distributions toward qualified higher education expenses at eligible educational institutions.\r\r(f) \"Plan\" means the Maryland College Investment Plan established under this subtitle.\r\r(g) \"Qualified designated beneficiary\" has the meaning stated in \u00a7 529(e) of the Internal Revenue Code.\r\r(h) \"Qualified higher education expenses\" has the meaning stated in \u00a7 529(e) of the Internal Revenue Code.\r\r(i) \"Qualified state tuition program\" has the meaning stated in \u00a7 529 of the Internal Revenue Code.\r\r","history":null,"structure":{"0":{"label":"article","name":"Economic Development","identifier":"ged"}}}