{"section":"ged-18-19B-02","catch_line":"...","text":"(a) The Board may establish a Maryland Broker-Dealer College Investment Plan.\r\r(b) The purpose of the Broker-Dealer Plan is to provide for a broker-dealer distributed vehicle that would allow contributions to an investment account established for the purposes of meeting the qualified higher education expenses of the qualified designated beneficiary of the account.\r\r(c) \r\r(d) \r\r(e) At least annually, the Board shall issue to each account holder a statement that provides a separate accounting for each qualified designated beneficiary providing the following information with respect to each account:\r\r","history":null,"structure":{"0":{"label":"article","name":"Economic Development","identifier":"ged"}}}