{"section":"ged-7-9A-05","catch_line":"...","text":"(a) \r\r(b) The State Board and the State Superintendent shall encourage local school systems and member private nonprofit schools to:\r\r(c) The MDK12 Digital Library may develop programs to support all residents of the State in collaboration with the State Library Resource Center under \u00a7 23-201 of this article and the Maryland Digital Library under \u00a7 11-801 of this article.\r\r(d) The Department shall employ one half-time position to coordinate the MDK12 Digital Library.\r\r(e) On or before October 1 of each year, the MDK12 Digital Library Steering Committee shall submit a report regarding the financial status and operations of the MDK12 Digital Library during the prior fiscal year to the Department.\r\r","history":null,"structure":{"0":{"label":"article","name":"Economic Development","identifier":"ged"}}}