{"section":"ged-7-4B-04","catch_line":"The Department shall monitor the compliance of county boards with the provisions of this subtitle....","text":"(a) The Department shall monitor the compliance of county boards with the provisions of this subtitle.\r\r(b) The Department may investigate and take corrective action in response to complaints from parents, guardians, or legal representatives of students with disabilities who allege a violation of the provisions of this subtitle\r\r","history":null,"structure":{"0":{"label":"article","name":"Economic Development","identifier":"ged"}}}