{"section":"ged-3-5B-03","catch_line":"...","text":"(a) The president of the Frederick County Board is entitled to receive $11,000 annually as compensation, and each other voting member of the Frederick County Board is entitled to receive $10,000 annually as compensation.\r\r(b) The president and all other members of the Frederick County Board are entitled to health insurance benefits regularly provided to employees of the Frederick County public school system.\r\r","history":null,"structure":{"0":{"label":"article","name":"Economic Development","identifier":"ged"}}}