{"section":"ged-7-4B-01","catch_line":"...","text":"(a) In this subtitle the following words have the meanings indicated.\r\r(b) \"Adapted program\" means a program that is developed for a student with a disability.\r\r(c) \"Allied sports or unified program\" means a program that is specifically designed to combine groups of students with and without disabilities together in physical activity.\r\r(d) \"Mainstream athletic program\" means intramural or interscholastic athletic activity that is developed and offered to students in accordance with criteria established by the State Board.\r\r(e) \"Mainstream physical education program\" means a physical education program that is developed and offered to students in accordance with criteria established by the State Board.\r\r(f) \"Student with a disability\" means a student who meets the definition of a \"handicapped person\" as defined in 45 C.F.R. \u00a7 84.3(j).\r\r","history":null,"structure":{"0":{"label":"article","name":"Economic Development","identifier":"ged"}}}