{"section":"ged-3-5B-04","catch_line":"All actions of the county board shall be taken at a public meeting and a record of the meeting and a...","text":"(a) All actions of the county board shall be taken at a public meeting and a record of the meeting and all actions shall be made public.\r\r(b) The county board may take actions in closed session in accordance with \u00a7 10-508 of the State Government Article.\r\r","history":null,"structure":{"0":{"label":"article","name":"Economic Development","identifier":"ged"}}}