{"section":"ged-7-4B-05","catch_line":"On or before May 15 of each year, each county board shall submit to the Department a report of the s...","text":"(a) On or before May 15 of each year, each county board shall submit to the Department a report of the school system's compliance with the provisions of this subtitle.\r\r(b) The first annual report completed by a county board in accordance with subsection (a) of this section shall include:\r\r(c) Reports submitted by a county board subsequent to the report submitted under subsection (b) of this section shall be consistent with regulations adopted by the State Board.\r\r(d) On or before August 1 of each year, the Department shall, subject to \u00a7 2-1246 of the State Government Article, submit to the General Assembly a report of compliance with the provisions of this subtitle.\r\r","history":null,"structure":{"0":{"label":"article","name":"Economic Development","identifier":"ged"}}}