{"section":"ged-7-4B-02","catch_line":"Subject to subsection (b) of this section, the State Board and each county board shall:...","text":"(a) Subject to subsection (b) of this section, the State Board and each county board shall:\r\r(b) An exception to the requirements under subsection (a) of this section may be made when the inclusion of a student:\r\r(c) The provision of adapted, allied, or unified programs for students with disabilities does not mitigate the duty of a county board to provide an individual student with a disability an equal opportunity to be fully included in mainstream physical education and mainstream athletic programs.\r\r","history":null,"structure":{"0":{"label":"article","name":"Economic Development","identifier":"ged"}}}