{"section":"ged-18-19A-02","catch_line":"...","text":"(a) There is a Maryland College Investment Plan.\r\r(b) The purpose of the Plan is to allow contributions to an investment account established for the purposes of meeting the qualified higher education expenses of the qualified designated beneficiary of the account.\r\r(c) \r\r(d) The Board shall adopt procedures that the Board considers necessary to carry out the provisions of this subtitle.\r\r(e) The Board shall adopt procedures relating to:\r\r(f) At least annually, the Board shall issue to each account holder a statement that provides a separate accounting for each qualified designated beneficiary providing the following information with respect to each account:\r\r","history":null,"structure":{"0":{"label":"article","name":"Economic Development","identifier":"ged"}}}