{"section":"ged-3-4A-04","catch_line":"...","text":"(a) The president of the county board is entitled to receive $4,000 annually as compensation and the other voting members are entitled to receive $3,500 each annually as compensation.\r\r(b) The president of the county board and other members are entitled to reimbursement not to exceed $1,000 a year for travel and other expenses.\r\r(c) The Cecil County Commissioners may increase the annual salary of the county board.\r\r","history":null,"structure":{"0":{"label":"article","name":"Economic Development","identifier":"ged"}}}