{"section":"ged-3-6A-03","catch_line":"The county board shall elect a president and vice president from among the voting county board membe...","text":"(a) The county board shall elect a president and vice president from among the voting county board members.\r\r(b) The county board shall elect a president and vice president at its first meeting in July as required to implement the provisions of this section.\r\r(c) The president and vice president shall serve a term of 2 years.\r\r(d) If there is a vacancy in the office of president or vice president, the county board shall fill the vacancy within 30 days after the vacancy occurs.\r\r","history":null,"structure":{"0":{"label":"article","name":"Economic Development","identifier":"ged"}}}