{"section":"gen-5-10A-01","catch_line":"In this subtitle the following words have the meanings indicated....","text":"(a) In this subtitle the following words have the meanings indicated.\r\r(b) \"Automobile graveyard\" has the meaning stated in \u00a7 8-801 of the Transportation Article.\r\r(c) \"Automotive dismantler and recycler facility\" has the meaning stated in \u00a7 8-801 of the Transportation Article.\r\r(d) \"Junkyard\" has the meaning stated in \u00a7 8-801 of the Transportation Article.\r\r(e) \"Scrap metal processing facility\" has the meaning stated in \u00a7 8-801 of the Transportation Article.\r\r","history":null,"structure":{"0":{"label":"article","name":"Environment","identifier":"gen"}}}