{"section":"gen-5-5B-04","catch_line":"When applying for a new or expanded water appropriation permit or State financial assistance, public...","text":"(a) When applying for a new or expanded water appropriation permit or State financial assistance, public water systems shall include a description of best management practices currently in use, or to be implemented, for improving water conservation and the efficiency with which water is used, treated, stored, and transmitted. The application shall also include a schedule for the implementation of best management practices.\r\r(b) Best management practices may include the following:\r\r","history":null,"structure":{"0":{"label":"article","name":"Environment","identifier":"gen"}}}