{"section":"gen-5-5B-01","catch_line":"...","text":"(a) In this subtitle the following words have the meanings indicated.\r\r(b) \"Public water system\" has the meaning stated in \u00a7 9-401 of this article and is a water system located in the State.\r\r(c) \"Expanded water appropriation permit\" means a revised permit granting a significant increase in the withdrawal of water authorized under the existing water appropriation permit.\r\r(d) \"Water conservation\" means the use of practices, techniques, and technologies that:\r\r","history":null,"structure":{"0":{"label":"article","name":"Environment","identifier":"gen"}}}