{"section":"gen-5-10A-02","catch_line":"A person who owns, maintains, or causes to be maintained a junkyard, automotive dismantler and recyc...","text":"(a) A person who owns, maintains, or causes to be maintained a junkyard, automotive dismantler and recycler facility, scrap metal processing facility, or automobile graveyard that lawfully existed on January 1, 1972 and that adjoins a river, stream, or other body of water shall:\r\r(b) A person who violates this section is guilty of a misdemeanor and on conviction is subject to imprisonment not exceeding 90 days or a fine not exceeding $500 or both.\r\r","history":null,"structure":{"0":{"label":"article","name":"Environment","identifier":"gen"}}}