{"section":"gen-9-14A-01","catch_line":"If the statement  \"all toilets on this property are required to be waterless toilets approved by the...","text":"(a) If the statement  \"all toilets on this property are required to be waterless toilets approved by the Maryland Department of the Environment\" is recorded in the land use covenant or deed for a parcel of property, the Department may:\r\r(b) The Department may adopt regulations to implement the provisions of this section.\r\r","history":null,"structure":{"0":{"label":"article","name":"Environment","identifier":"gen"}}}