{"section":"gen-5-5B-05","catch_line":"...","text":"(a) In reviewing requests for new or expanded water appropriation permits by public water systems, as defined by this subtitle, the Department shall consider existing local initiatives and voluntary efforts and best management practices set forth for implementation within a permit application.\r\r(b) In reviewing and prioritizing requests by public water systems, as defined by this subtitle, for State financial assistance through the Maryland Water Quality Revolving Loan Fund under \u00a7 9-1605 of this article and other State funding sources, the Department shall consider local initiatives and voluntary efforts, and the best management practices set forth for implementation within a financial assistance application.\r\r(c) On or before October 1, 2003, the Department shall issue guidelines to public water systems on best management practices for improving water conservation and efficiency in water use, treatment, storage, and transmission, including:\r\r(d) The Department may adopt regulations to establish the minimum increase in the amount of water to be withdrawn under an expanded water appropriation permit that requires compliance with this subtitle.\r\r","history":null,"structure":{"0":{"label":"article","name":"Environment","identifier":"gen"}}}