{"section":"get-15-1A-05","catch_line":"In addition to the provisions for removal under \u00a7 15-1A-04(d) of this subtitle, removal of a corpor...","text":"In addition to the provisions for removal under \u00a7 15-1A-04(d) of this subtitle, removal of a corporate fiduciary is subject to all other laws of this State affecting removal of fiduciaries and to any agreement that designates the predecessor corporate fiduciary as the corporate fiduciary of the trust, estate, or fund.","history":null,"structure":{"0":{"label":"article","name":"Estates and Trusts","identifier":"get"}}}