{"section":"get-15-1A-02","catch_line":"...","text":"(a) Subject to the provisions of \u00a7 15-1A-04(d)(2) of this subtitle, a successor fiduciary shall be substituted as a fiduciary for its predecessor corporate fiduciary, immediately upon the adoption of a corporate resolution by both the successor fiduciary and the predecessor corporate fiduciary providing for the substitution.\r\r(b) A successor fiduciary shall have all the rights, powers, duties, and obligations of the predecessor corporate fiduciary.\r\r(c) The successor fiduciary shall be deemed named as fiduciary in any writing, including a will, trust, court order, or similar document or instrument that names the predecessor corporate fiduciary as fiduciary, whether executed before or after the successor fiduciary is substituted, unless the writing expressly provides otherwise.\r\r","history":null,"structure":{"0":{"label":"article","name":"Estates and Trusts","identifier":"get"}}}