{"section":"get-15-1A-03","catch_line":"For purposes of qualifying as a fiduciary with respect to a capital requirement, a corporate fiducia...","text":"(a) For purposes of qualifying as a fiduciary with respect to a capital requirement, a corporate fiduciary may attribute to its capital and surplus the capital and surplus of any:\r\r(b) When a successor fiduciary qualifies under this section, the following entities shall be jointly and severally liable with the successor fiduciary for claims against the successor fiduciary when acting in its fiduciary capacity:\r\r","history":null,"structure":{"0":{"label":"article","name":"Estates and Trusts","identifier":"get"}}}