{"section":"get-15-1A-04","catch_line":"When a successor fiduciary is substituted under this subtitle, the successor fiduciary shall send no...","text":"(a) When a successor fiduciary is substituted under this subtitle, the successor fiduciary shall send notice to the following persons at the person's last known address:\r\r(b) The notice required under subsection (a) of this section shall be:\r\r(c) The notice required under subsection (a) of this section shall contain:\r\r(d) \r\r","history":null,"structure":{"0":{"label":"article","name":"Estates and Trusts","identifier":"get"}}}