{"section":"get-15-1A-01","catch_line":"...","text":"(a) In this subtitle the following words have the meanings indicated.\r\r(b) \"Bank\" has the meaning stated in 12 U.S.C. \u00a7 1841(c).\r\r(c) \"Bank holding company\" has the meaning stated in 12 U.S.C. \u00a7 1841(a).\r\r(d) \r\r(e) \"Capital requirement\" means a provision in any court order, statute, regulation, or writing, including a will, trust, or similar document or instrument, that requires a fiduciary to have a specified minimum amount of capital or capital and surplus.\r\r(f) \"Corporate fiduciary\" means:\r\r(g) \"Fiduciary\" includes:\r\r(h) \"Successor fiduciary\" means a corporate fiduciary that is substituted for another corporate fiduciary under the provisions of \u00a7 15-1A-02 of this subtitle, by reason of:\r\r(i) \"Trust company\" has the meaning stated in \u00a7 1-101 of this article.\r\r","history":null,"structure":{"0":{"label":"article","name":"Estates and Trusts","identifier":"get"}}}