{"section":"gfl-5-4C-01","catch_line":"...","text":"(a) In this subtitle the following words have the meanings indicated.\r\r(b) \"Administration\" means the Social Services Administration of the Department.\r\r(c) \"Adoptee\" means an individual:\r\r(d) \"Director\" means the Director of the Administration.\r\r(e) \"Identifying information\" means information that reveals the identity or location of an adoptee, the natural parents of an adoptee, or a natural sibling.\r\r(f) Repealed.\r\r(g) \"Natural father\" means a man who:\r\r(h) \"Natural sibling\" means an individual who is at least 21 years old and shares 1 or both natural parents with an adoptee.\r\r(i) \"Registry\" means the Mutual Consent Voluntary Adoption Registry.\r\r","history":null,"structure":{"0":{"label":"article","name":"Family Law","identifier":"gfl"}}}