{"section":"gfl-5-4B-01","catch_line":"...","text":"(a) In this subtitle the following words have the meanings indicated.\r\r(b) \"Administration\" means the Social Services Administration of the Department.\r\r(c) \"Confidential intermediary\" means an individual or child placement agency qualified by the Director for the purpose of providing search, contact, and reunion services under this subtitle.\r\r(d) \"Director\" means the Director of the Administration.\r\r(e) \"Member of the adoptive family\" means an adoptive parent, grandparent, brother, or sister of an adopted individual.\r\r(f) \"Relative\" means a parent, brother, sister, child, aunt, or uncle of a biological parent.\r\r(g) \"Search, contact, and reunion services\" means services:\r\r(h) \"Sibling\" means a brother or sister of the whole or half blood who:\r\r","history":null,"structure":{"0":{"label":"article","name":"Family Law","identifier":"gfl"}}}