{"section":"gfl-5-4A-05","catch_line":"A child with special needs who resides in this State and who is the subject of an adoption assistanc...","text":"(a) \r\r(b) The Administration shall consider the holder of a medical assistance identification pursuant to this section the same as any other holder of a medical assistance identification under the laws of this State and shall process and make payment on claims on account of the holder in the same manner and pursuant to the same conditions and procedures as for other recipients of medical assistance.\r\r(c) \r\r","history":null,"structure":{"0":{"label":"article","name":"Family Law","identifier":"gfl"}}}