{"section":"gfl-5-4B-04","catch_line":"Except as provided in subsection (b) of this section, the Director shall provide the list of confide...","text":"(a) Except as provided in subsection (b) of this section, the Director shall provide the list of confidential intermediaries to an individual who applies for search, contact, and reunion services.\r\r(b) The Director shall refer an individual who applies for search, contact, and reunion services to the child placement agency that placed the child for adoption if:\r\r(c) \r\r","history":null,"structure":{"0":{"label":"article","name":"Family Law","identifier":"gfl"}}}