{"section":"gfl-5-4B-03","catch_line":"The Director shall maintain a list of confidential intermediaries....","text":"(a) The Director shall maintain a list of confidential intermediaries.\r\r(b) To qualify to be a confidential intermediary, an applicant shall meet the requirements of subsection (d) of this section.\r\r(c) If the applicant is a child placement agency, the agency shall appoint an employee of the agency as the representative member to make the application on behalf of the agency.\r\r(d) \r\r(e) \r\r","history":null,"structure":{"0":{"label":"article","name":"Family Law","identifier":"gfl"}}}