{"section":"gfl-5-4A-01","catch_line":"In this subtitle the following words have the meanings indicated....","text":"(a) In this subtitle the following words have the meanings indicated.\r\r(b) \"Administration\" means the Social Services Administration of the Department.\r\r(c) \"Adoption assistance state\" means the state that is signatory to an adoption assistance agreement in a particular case.\r\r(d) \"Residence state\" means the state where the child lives.\r\r","history":null,"structure":{"0":{"label":"article","name":"Family Law","identifier":"gfl"}}}