{"section":"gfl-5-4C-04","catch_line":"Except as otherwise provided in this subtitle, or pursuant to a court order, the Administration may ...","text":"(a) Except as otherwise provided in this subtitle, or pursuant to a court order, the Administration may not disclose information contained in the Registry.\r\r(b) The Administration shall retain affidavits and other information collected concerning a registrant until the date specified by the registrant, or for 99 years after the date of registration, whichever occurs first.\r\r","history":null,"structure":{"0":{"label":"article","name":"Family Law","identifier":"gfl"}}}