{"section":"gfl-5-4B-02","catch_line":"...","text":"(a) \r\r(b) An individual who applies to the Director to receive search, contact, and reunion services shall supply any proof of identity or other relevant information required by the Director.\r\r(c) \r\r(d) A parent who has had his or her parental rights terminated under Subtitle 3 of this title may not apply to receive search, contact, and reunion services under this subtitle.\r\r","history":null,"structure":{"0":{"label":"article","name":"Family Law","identifier":"gfl"}}}