{"section":"gfl-5-3B-01","catch_line":"In this subtitle the following words have the meanings indicated....","text":"(a) In this subtitle the following words have the meanings indicated.\r\r(b) \"Identifying information\" means information that reveals the identity or location of an individual.\r\r(c) \r\r(d) \"Prospective adoptee\" means an individual who is the subject of a petition for adoption under this subtitle.\r\r","history":null,"structure":{"0":{"label":"article","name":"Family Law","identifier":"gfl"}}}