{"section":"gfl-5-4B-05","catch_line":"An individual who applies for search, contact, and reunion services shall execute a written agreemen...","text":"(a) An individual who applies for search, contact, and reunion services shall execute a written agreement with a confidential intermediary concerning the provision of search, contact, and reunion services.\r\r(b) \r\r(c) The confidential intermediary shall promptly:\r\r","history":null,"structure":{"0":{"label":"article","name":"Family Law","identifier":"gfl"}}}