{"section":"gfl-5-3A-05","catch_line":"In this section, \"order\" includes any action that, under the laws of another jurisdiction, has the f...","text":"(a) In this section, \"order\" includes any action that, under the laws of another jurisdiction, has the force and effect of a comparable judicial order under this subtitle.\r\r(b) In accordance with the United States Constitution, this State shall accord full faith and credit to:\r\r(c) As to a jurisdiction other than a state:\r\r(d) This section may not be construed to require an individual to petition a court in this State for adoption of an adoptee if:\r\r","history":null,"structure":{"0":{"label":"article","name":"Family Law","identifier":"gfl"}}}