{"section":"gfl-10-1A-02","catch_line":"An affidavit of support may be executed in the manner provided under this section if:...","text":"(a) \r\r(b) An affidavit of support shall be completed on a standardized form developed by the Administration.\r\r(c) \r\r(d) An executed affidavit of support constitutes a legal finding of a support obligation, subject to the right of any party to:\r\r(e) Within 30 days after expiration of the 60-day recission period specified in subsection (d)(1) of this section, the Administration shall file an affidavit of support with the clerk of a circuit court for approval by the court.\r\r","history":null,"structure":{"0":{"label":"article","name":"Family Law","identifier":"gfl"}}}