{"section":"gfl-5-3A-01","catch_line":"In this subtitle the following words have the meanings indicated....","text":"(a) In this subtitle the following words have the meanings indicated.\r\r(b) \"Child\" means an individual who is the subject of a guardianship or adoption petition under this subtitle.\r\r(c) \"Guardianship\" means an award, under this subtitle, of any power of a guardian.\r\r(d) \"Identifying information\" means information that reveals the identity or location of an individual.\r\r(e) \r\r","history":null,"structure":{"0":{"label":"article","name":"Family Law","identifier":"gfl"}}}