{"section":"gfl-5-4A-04","catch_line":"...","text":"(a) A compact entered into pursuant to \u00a7 5-4A-03 of this subtitle shall include:\r\r(b) A compact entered into pursuant to \u00a7 5-4A-03 of this subtitle may include a provision establishing procedures and entitlements to medical or other necessary social services for the child in accordance with applicable laws even though the child and the adoptive parents are in a state other than the state responsible for providing the services or the funds to defray part or all of the costs.\r\r","history":null,"structure":{"0":{"label":"article","name":"Family Law","identifier":"gfl"}}}