{"section":"ghg-19-4A-03","catch_line":"The Department shall adopt regulations that set standards for the care, treatment, health, safety, w...","text":"(a) The Department shall adopt regulations that set standards for the care, treatment, health, safety, welfare, and comfort of individuals who receive home health care services through a residential service agency.\r\r(b) The regulations shall provide for the licensing of residential service agencies and the annual renewal of licenses.\r\r(c) The regulations shall require the Secretary to charge fees in a manner which will produce funds sufficient to at least cover the actual direct or indirect costs of the inspection and licensure of residential service agencies under this subtitle.\r\r(d) The regulations shall include provisions that:\r\r","history":null,"structure":{"0":{"label":"article","name":"Health - General","identifier":"ghg"}}}