{"section":"ghg-18-4A-03","catch_line":"Subject to the provisions of this section, the following individuals, not in order of priority, may ...","text":"(a) Subject to the provisions of this section, the following individuals, not in order of priority, may consent to the immunization of a minor if a parent is not reasonably available and the authority to consent is not denied under subsection (b) or (c) of this section:\r\r(b) A person may not consent to the immunization of a minor under subsection (a) of this section if:\r\r(c) When a parent has been contacted and requested to consent to the immunization of a minor, the Department of Juvenile Services may consent to the immunization of a minor in its care and custody if the parent:\r\r(d) For purposes of this section, a person is not reasonably available if:\r\r(e) A person authorized to consent to the immunization of a minor under this section shall confirm that the parent is not reasonably available in writing and the written confirmation shall be included in the minor's medical record.\r\r","history":null,"structure":{"0":{"label":"article","name":"Health - General","identifier":"ghg"}}}