{"section":"ghg-19-3A-02","catch_line":"On or before January 1, 2006, the Department shall adopt regulations for licensing a freestanding me...","text":"(a) On or before January 1, 2006, the Department shall adopt regulations for licensing a freestanding medical facility that uses in its title or advertising the word \"emergency\" or other language indicating to the public that medical treatment for immediately life-threatening medical conditions is available at that freestanding medical facility.\r\r(b) The regulations shall require the freestanding medical facility to:\r\r","history":null,"structure":{"0":{"label":"article","name":"Health - General","identifier":"ghg"}}}