{"section":"ghg-18-4A-04","catch_line":"The responsibility of a health care provider to provide information to a person consenting to the im...","text":"The responsibility of a health care provider to provide information to a person consenting to the immunization of a minor under \u00a7 18-4A-02 or \u00a7 18-4A-03 of this subtitle is the same as the health care provider's responsibility to a parent.","history":null,"structure":{"0":{"label":"article","name":"Health - General","identifier":"ghg"}}}