{"section":"ghg-19-4A-01","catch_line":"In this subtitle the following words have the meanings indicated....","text":"(a) In this subtitle the following words have the meanings indicated.\r\r(b) \"Home health care\" includes any of the following services:\r\r(c) \"Home medical equipment services\" means the delivery, installation, maintenance, or replacement of, or instruction in the use of, medical equipment used by a sick or disabled individual to allow the individual to be maintained in a noninstitutional environment.\r\r(d) \"Medical equipment\" means technologically sophisticated medical devices including:\r\r(e) \r\r","history":null,"structure":{"0":{"label":"article","name":"Health - General","identifier":"ghg"}}}