{"section":"ghg-19-7A-04","catch_line":"...","text":"(a) The Commissioner shall adopt regulations to implement the provisions of this subtitle.\r\r(b) Except as provided in subsection (c) of this section, regulations relating to the solvency of a provider-sponsored organization adopted under subsection (a) of this section shall impose solvency requirements the same as required under federal law.\r\r(c) Upon the expiration, repeal, or termination of solvency requirements under federal law for provider-sponsored organizations, the requirements of \u00a7 19-710(d) of this title shall apply.\r\r","history":null,"structure":{"0":{"label":"article","name":"Health - General","identifier":"ghg"}}}