{"section":"ghg-19-1A-01","catch_line":"\/\/ EFFECTIVE UNTIL DECEMBER 31, 2015 PER CHAPTERS 5 AND 6 OF 2010 \/\/...","text":"(a) In this subtitle the following words have the meanings indicated.\r\r(b) \"Carrier\" has the meaning stated in \u00a7 15-1801 of the Insurance Article.\r\r(c) \"Federally qualified health center\" has the meaning stated in 42 U.S.C. \u00a7 254b.\r\r(d) \"Health benefit plan\" has the meaning stated in \u00a7 15-1801 of the Insurance Article.\r\r(e) \"Managed care organization\" has the meaning stated in \u00a7 15-101 of this article.\r\r(f) \"Patient centered medical home\" means a primary care practice organized to provide a first, coordinated, ongoing, and comprehensive source of care to patients to:\r\r(g) \"Primary care practice\" means a practice or federally qualified health center organized by or including pediatricians, general internal medicine physicians, family medicine physicians, or nurse practitioners.\r\r(h) \r\r(i) \"Qualifying individual\" means:\r\r(j) \"Single carrier patient centered medical home program\" has the meaning stated in \u00a7 15-1801 of the Insurance Article.\r\r","history":null,"structure":{"0":{"label":"article","name":"Health - General","identifier":"ghg"}}}