{"section":"ghg-19-14A-02","catch_line":"A nursing home that receives payment from the Medical Assistance Program shall provide a report of t...","text":"(a) A nursing home that receives payment from the Medical Assistance Program shall provide a report of the credit balances of the nursing home to the Department on a quarterly basis.\r\r(b) The Department shall conduct a third party liability review of the report of the credit balances provided under subsection (a) of this section.\r\r(c) The Department may conduct a third party liability audit of a random sample of the reports of credit balances reviewed under subsection (b) of this section.\r\r(d) \r\r","history":null,"structure":{"0":{"label":"article","name":"Health - General","identifier":"ghg"}}}