{"section":"ghg-19-3B-03","catch_line":"After consultation with representatives of payors, health care practitioners, and ambulatory care fa...","text":"(a) \r\r(b) If appropriate certification by Medicare is available, obtaining the certification shall be a condition of licensure for:\r\r(c) Each freestanding ambulatory care facility shall provide assurances satisfactory to the Secretary that the freestanding ambulatory care facility does not discriminate against patients, including discrimination based on ability to pay for nonelective procedures.\r\r(d) The Secretary may delegate to the Kidney Disease Commission the Secretary's authority under \u00a7 19-3B-07 of this subtitle to inspect kidney dialysis centers.\r\r","history":null,"structure":{"0":{"label":"article","name":"Health - General","identifier":"ghg"}}}