{"section":"ghg-19-3B-02","catch_line":"A freestanding ambulatory care facility may not operate in the State unless the Secretary has grante...","text":"(a) A freestanding ambulatory care facility may not operate in the State unless the Secretary has granted the facility a license.\r\r(b) The Secretary shall issue a license to an applicant that meets the requirements of this subtitle and all applicable regulations adopted by the Secretary.\r\r(c) A license issued under this subtitle is not transferable.\r\r","history":null,"structure":{"0":{"label":"article","name":"Health - General","identifier":"ghg"}}}