{"section":"ghg-21-2A-01","catch_line":"...","text":"(a) In this subtitle the following words have the meanings indicated.\r\r(b) \"Board\" means the Advisory Board on Prescription Drug Monitoring.\r\r(c) \r\r(d) \r\r(e) \"Licensing entity\" means an entity authorized under the Health Occupations Article to license, regulate, or discipline a prescriber or dispenser.\r\r(f) \"Monitored prescription drug\" means a prescription drug that contains a Schedule II, Schedule III, Schedule IV, or Schedule V controlled dangerous substance designated under Title 5, Subtitle 4 of the Criminal Law Article.\r\r(g) \"Opioid maintenance program\" means a program that:\r\r(h) \"Prescriber\" means a licensed health care professional authorized by law to prescribe a monitored prescription drug.\r\r(i) \"Prescription drug\" has the meaning stated in \u00a7 21-201 of this title.\r\r(j) \"Prescription monitoring data\" means the information submitted to the Program for a monitored prescription drug.\r\r(k) \"Program\" means the Prescription Drug Monitoring Program established under this subtitle.\r\r","history":null,"structure":{"0":{"label":"article","name":"Health - General","identifier":"ghg"}}}