{"section":"ghg-21-2A-02","catch_line":"...","text":"(a) There is a Prescription Drug Monitoring Program in the Department.\r\r(b) The mission of the Program is to:\r\r(c) To carry out its mission, the Program shall monitor the prescribing and dispensing of all Schedule II, Schedule III, Schedule IV, and Schedule V controlled dangerous substances by all prescribers and dispensers in the State.\r\r","history":null,"structure":{"0":{"label":"article","name":"Health - General","identifier":"ghg"}}}