{"section":"ghg-17-2A-04","catch_line":"After December 31, 2011, a forensic laboratory shall hold a license  issued by the Secretary before ...","text":"(a) After December 31, 2011, a forensic laboratory shall hold a license  issued by the Secretary before the forensic laboratory may offer or perform  forensic analysis in the State.\r\r(b) The Secretary shall issue a letter of exception to a  laboratory that:\r\r(c) The Secretary may grant an out-of-state forensic  laboratory a waiver from the licensure requirements of this  subtitle with conditions.\r\r","history":null,"structure":{"0":{"label":"article","name":"Health - General","identifier":"ghg"}}}