{"section":"ghg-19-3B-01","catch_line":"...","text":"(a) In this subtitle the following words have the meanings indicated.\r\r(b) \r\r(c) \"Freestanding ambulatory care facility\" means:\r\r(d) \r\r(e) \r\r(f) \r\r(g) \"Health care practitioner\" means a person who is licensed, certified, or otherwise authorized under the Health Occupations Article to provide medical services in the ordinary course of business or practice of a profession.\r\r(h) \r\r(i) \"License\" means a license issued by the Secretary under this subtitle.\r\r(j) \"Major medical equipment\" means:\r\r(k) \"Payor\" means:\r\r(l) \"Surgical services\" means any invasive procedure whether therapeutic or diagnostic involving the use of:\r\r","history":null,"structure":{"0":{"label":"article","name":"Health - General","identifier":"ghg"}}}