{"section":"ghg-17-2A-03","catch_line":"...","text":"(a) Forensic laboratory deficiency statements and plans of  correction are public documents.\r\r(b) A forensic laboratory shall make discrepancy logs,  contamination records, and test results  available to the public within 30 days of a written request.\r\r(c) Except as provided in subsection (a) of this section, the  proceedings, records, and files of an organization or State agency  responsible for assuring compliance with this subtitle shall be  confidential and not discoverable or admissible in evidence in a  civil or criminal action.\r\r","history":null,"structure":{"0":{"label":"article","name":"Health - General","identifier":"ghg"}}}