{"section":"ghg-19-14A-03","catch_line":"A nursing home may appeal the results of a final report of a third party liability audit by filing w...","text":"(a) A nursing home may appeal the results of a final report of a third party liability audit by filing written notice with the Department within 30 days after the nursing home receives the final report from the Department.\r\r(b) An individual at the Department who did not participate in the final report shall:\r\r(c) A nursing home may appeal the results of the report issued by the Department under subsection (b) of this section by filing written notice with the Nursing Home Appeal Board within 30 days of receipt of the report.\r\r","history":null,"structure":{"0":{"label":"article","name":"Health - General","identifier":"ghg"}}}