{"section":"ghg-19-14A-01","catch_line":"...","text":"(a) In this subtitle the following words have the meanings indicated.\r\r(b) \"Final report\" means the third party liability audit report issued to a nursing home stating the total amount due to the Department as a result of the completed audit.\r\r(c) \"Nursing home\" has the meaning stated in \u00a7 19-1401(e) of this title.\r\r(d) \r\r(e) \"Third party liability audit\" means a financial review of Medical Assistance payments to a provider to ascertain the legal liability of third parties to pay for care and services available under the Medical Assistance Program.\r\r(f) \"Third party liability review\" means a financial review of the credit balances of a nursing home to ascertain the legal liability of third parties to pay for care and services available under the Medical Assistance Program.\r\r","history":null,"structure":{"0":{"label":"article","name":"Health - General","identifier":"ghg"}}}