{"section":"ghg-8-6C-01","catch_line":"In this subtitle the following words have the meanings indicated....","text":"(a) In this subtitle the following words have the meanings indicated.\r\r(b) \"Eligible population\" includes:\r\r(c) \"Partnership funding\" means money granted from the Substance Abuse Treatment Outcomes Partnership Fund to match local funding.\r\r(d) \"Proposal\" means a plan under this subtitle to provide new or expanded substance abuse treatment services.\r\r(e) \"Request for Partnership funding\" means a proposal, submitted by the governing bodies of one or more jurisdictions, to provide substance abuse treatment services to one or more eligible populations within the requesting jurisdiction or jurisdictions.\r\r","history":null,"structure":{"0":{"label":"article","name":"Health - General","identifier":"ghg"}}}