{"section":"ghg-19-4B-01","catch_line":"...","text":"(a) In this subtitle the following words have the meanings indicated.\r\r(b) \"Background check\" has the meaning stated in \u00a7 19-1901 of this title.\r\r(c) \"Care provider\" means an individual who provides health care services and assistance to a client in the activities of daily living, including:\r\r(d) \"Central Repository\" means the Criminal Justice Information System Central Repository of the Department of Public Safety and Correctional Services.\r\r(e) \"Home health aid services\" means personal and health care services delivered to a client by a care provider.\r\r(f) \"License\" means a nursing referral service agency license.\r\r(g) \"Licensed health professional\" means an individual who is licensed or certified under the Health Occupations Article to provide health care services.\r\r(h) \"Nursing referral service agency\" means one or more individuals engaged in the business of screening and referring, directly or in accordance with contractual arrangements that may include independent contractors, licensed health professionals or care providers to clients for the provision of nursing services, home health aid services, or other home health care services at the request of the client.\r\r(i) \"Private agency\" has the meaning stated in \u00a7 19-1901 of this title.\r\r","history":null,"structure":{"0":{"label":"article","name":"Health - General","identifier":"ghg"}}}