{"section":"ghg-19-3A-03","catch_line":"...","text":"(a) The Department shall issue a license to a freestanding medical facility that:\r\r(b) A freestanding medical facility that uses in its title or advertising the word \"emergency\" or other language indicating to the public that medical treatment for immediately life-threatening medical conditions exist at that facility shall be licensed by the Department before it may operate in this State.\r\r(c) Notwithstanding subsection (a)(2) of this section, the Department may not require a freestanding medical facility pilot project to be approved by the Maryland Health Care Commission as a condition of licensure.\r\r","history":null,"structure":{"0":{"label":"article","name":"Health - General","identifier":"ghg"}}}