{"section":"ghg-8-6C-04","catch_line":"In this section, \"county\" includes Baltimore City....","text":"(a) In this section, \"county\" includes Baltimore City.\r\r(b) A request for Partnership funding may be submitted to the Department by:\r\r(c) A request for Partnership funding shall be made in accordance with a schedule and format determined by the Department, in consultation with the Task Force to Study Increasing the Availability of Substance Abuse Programs.\r\r(d) In a request for Partnership funding, the applicant or applicants shall include:\r\r(e) In evaluating a request for Partnership funding, the Department, in consultation with the Task Force to Study Increasing the Availability of Substance Abuse Programs, shall consider:\r\r(f) \r\r","history":null,"structure":{"0":{"label":"article","name":"Health - General","identifier":"ghg"}}}