{"section":"ghg-21-2A-03","catch_line":"...","text":"(a) The Department shall implement the Program, subject to the availability of funds.\r\r(b) The Secretary may:\r\r(c) Except as provided in subsection (d) of this section, each dispenser shall submit prescription monitoring data to the Program by electronic means, in accordance with regulations adopted by the Secretary.\r\r(d) The Secretary, for good cause shown, may authorize a dispenser to submit prescription monitoring data by an alternative form of submission.\r\r(e) The Secretary, in consultation with the Maryland Health Care Commission and the Board, shall:\r\r(f) \r\r","history":null,"structure":{"0":{"label":"article","name":"Health - General","identifier":"ghg"}}}