{"section":"ghg-19-7A-02","catch_line":"A license issued to a provider-sponsored organization under this subtitle authorizes the licensee to...","text":"(a) A license issued to a provider-sponsored organization under this subtitle authorizes the licensee to provide health care services only to Medicare beneficiaries under the federal Medicare+Choice Program.\r\r(b) Nothing in this subtitle may be construed to limit a provider-sponsored organization from participating in the Medicaid program as a managed care organization.\r\r","history":null,"structure":{"0":{"label":"article","name":"Health - General","identifier":"ghg"}}}