{"section":"ghg-17-2A-01","catch_line":"In this subtitle the following words have the meanings indicated....","text":"(a) In this subtitle the following words have the meanings indicated.\r\r(b) \r\r(c) \"Forensic information technology\" means digital or  electronic evidence that is stored or transmitted electronically.\r\r(d) \r\r(e) \"License\" means a permit, letter of exception, certificate, or other document issued by the Secretary granting approval or authority to offer or perform forensic laboratory tests, examinations, or analyses in the State.\r\r(f) \"Limited forensic analysis\" means a forensic laboratory  test or analysis defined in regulations adopted by the Secretary.\r\r(g) \"Physical evidence\" means any object, thing, or substance  relating to a criminal act.\r\r","history":null,"structure":{"0":{"label":"article","name":"Health - General","identifier":"ghg"}}}