{"section":"ghg-19-1A-03","catch_line":"\/\/ EFFECTIVE UNTIL DECEMBER 31, 2015 PER CHAPTERS 5 AND 6 OF 2010 \/\/...","text":"(a) Notwithstanding any State or federal law that prohibits the collaboration of carriers or providers on payment, the Commission may establish the Maryland Patient Centered Medical Home Program, if the Commission concludes that the Program:\r\r(b) In establishing the Maryland Patient Centered Medical Home Program, the Commission, in consultation with the Department, carriers, managed care organizations, and primary care practices, shall adopt:\r\r(c) In developing the standards required in subsection (b)(1) of this section, the Commission shall consider:\r\r(d) The general standards required in subsection (b)(2) and (3) of this section shall:\r\r(e) \r\r(f) \r\r","history":null,"structure":{"0":{"label":"article","name":"Health - General","identifier":"ghg"}}}