{"section":"ghg-19-4B-04","catch_line":"The Department shall adopt regulations to implement the requirements of this subtitle....","text":"(a) \r\r(b) The Department shall issue a 3-year license to a nursing referral service agency after the nursing referral service agency:\r\r(c) A license shall expire on the third anniversary of its effective date unless:\r\r(d) The Department may suspend or revoke a license issued under this section if the nursing referral service agency is operating in violation of the requirements of this subtitle.\r\r","history":null,"structure":{"0":{"label":"article","name":"Health - General","identifier":"ghg"}}}