{"section":"ghg-19-7A-01","catch_line":"In this subtitle the following words have the meanings indicated....","text":"(a) In this subtitle the following words have the meanings indicated.\r\r(b) \"Commissioner\" means the Maryland Insurance Commissioner.\r\r(c) \"Health care services\" means a health or medical care procedure or service rendered by a health care provider that:\r\r(d) \"License\" includes a certificate of authority, as defined in \u00a7 1-101 of the Insurance Article.\r\r(e) \"Provider\" means any person, including a physician or hospital, that is licensed or otherwise authorized in this State to provide health care services.\r\r(f) \"Provider-sponsored organization\" means an entity that:\r\r","history":null,"structure":{"0":{"label":"article","name":"Health - General","identifier":"ghg"}}}