{"section":"ghg-19-1A-02","catch_line":"\/\/ EFFECTIVE UNTIL DECEMBER 31, 2015 PER CHAPTERS 5 AND 6 OF 2010 \/\/...","text":"(a) Subject to \u00a7 19-1A-03(a) of this subtitle, the Commission shall establish the Maryland Patient Centered Medical Home Program to promote development of patient centered medical homes.\r\r(b) \r\r(c) The Commission may also authorize a carrier to implement a single carrier patient centered medical home program that:\r\r(d) Nothing in this section shall be construed to limit or prohibit a carrier from providing a bonus, fee based incentives, bundled incentives, or other incentive-based compensation:\r\r","history":null,"structure":{"0":{"label":"article","name":"Health - General","identifier":"ghg"}}}