{"section":"gho-7-4A-03","catch_line":"There is a Family Security Trust Fund....","text":"(a) There is a Family Security Trust Fund.\r\r(b) The Board shall:\r\r(c) The Fund is a special, nonlapsing fund that is not subject to \u00a7 7-302 of the State Finance and Procurement Article.\r\r(d) \r\r(e) The Fund is not liable for any other expenses or obligations of the Board.\r\r(f) \r\r(g) \r\r(h) The Board shall adopt regulations for the administration and claims procedures of the Fund.\r\r","history":null,"structure":{"0":{"label":"article","name":"Health Occupations","identifier":"gho"}}}