{"section":"gho-12-6C-03","catch_line":"...","text":"(a) A wholesale distributor shall hold a permit issued by the  Board before the wholesale distributor engages in wholesale  distribution in the State.\r\r(b) \r\r(c) A manufacturer's exclusive distributor and a third-party  logistics provider shall hold a wholesale distributor permit issued  under this subtitle.\r\r(d) A wholesale distributor permit shall be displayed  conspicuously in the place of business for which the permit is  issued.\r\r(e) A wholesale distributor permit is not transferable.\r\r(f) Subject to any other restriction provided by law, a  person may not purchase or obtain a prescription drug or  prescription device unless the prescription drug or prescription  device is  purchased or obtained from a person who holds a  wholesale distributor permit, a licensed pharmacist, or an  authorized prescriber.\r\r","history":null,"structure":{"0":{"label":"article","name":"Health Occupations","identifier":"gho"}}}