{"section":"gho-14-5B-01","catch_line":"...","text":"(a) In this subtitle the following words have the meanings indicated.\r\r(b) \"Board\" means the State Board of Physicians.\r\r(c) \"Certification\" means recognition of an individual who has satisfied certain standards required by a national certifying board.\r\r(d) \"Committee\" means the Radiation Therapy, Radiography, Nuclear Medicine Technology, and Radiology Assistance Advisory Committee of the Board.\r\r(e) \"Holder of a temporary license\" means an individual who is granted a temporary license to practice radiation therapy, radiography, or nuclear medicine technology pending fulfillment of the requirements under \u00a7 14-5B-09(c) of this subtitle.\r\r(f) \"License\" means a license issued by the Board to practice as a radiation therapist, radiographer, nuclear medicine technologist, or radiologist assistant.\r\r(g) \"Licensed nuclear medicine technologist\" means a nuclear medicine technologist who is licensed by the Board to practice nuclear medicine technology.\r\r(h) \"Licensed radiation therapist\" means a radiation therapist who is licensed by the Board to practice radiation therapy.\r\r(i) \"Licensed radiographer\" means a radiographer who is licensed by the Board to practice radiography.\r\r(j) \"Licensed radiologist assistant\" means an individual who is licensed to practice radiology assistance under the supervision of a licensed physician who:\r\r(k) \"Licensee\" means an individual who is licensed by the Board to practice as a radiation therapist, a radiographer, a nuclear medicine technologist, or radiologist assistant.\r\r(l) \"National certifying board\" means:\r\r(m) \"Practice nuclear medicine technology\" means to:\r\r(n) \"Practice radiation therapy\" means to perform tumor localization radiography and apply therapeutic doses of radiation for the treatment of disease or injury.\r\r(o) \"Practice radiography\" means to use ionizing radiation to:\r\r(p) \"Practice radiology assistance\" means to practice medical radiation technology and to perform:\r\r(q) \"Supervision\" means the responsibility of a licensed physician to exercise on-site or immediately available direction for licensees or holders of temporary licenses.\r\r","history":null,"structure":{"0":{"label":"article","name":"Health Occupations","identifier":"gho"}}}