{"section":"gho-3-5A-01","catch_line":"...","text":"(a) In this subtitle the following words have the meanings indicated.\r\r(b) \"Board\" means the State Board of Chiropractic and Massage Therapy Examiners.\r\r(c) \"Health care facility\" has the meaning stated in \u00a7 19-114(d) of the Health - General Article.\r\r(d) \"License\" means, unless the context requires otherwise, a license issued by the Board to practice massage therapy.\r\r(e) \"Licensed massage therapist\" means an individual who is licensed by the Board to practice massage therapy.\r\r(f) \r\r(g) \"Practice massage therapy\" means to engage professionally and for compensation in massage therapy.\r\r(h) \"Practice non-therapeutic massage\" means to engage professionally and for compensation in massage therapy in a setting that is not a health care facility.\r\r(i) \"Registered massage practitioner\" means an individual who is registered by the Board to practice non-therapeutic massage.\r\r(j) \"Registration\" means, unless the context requires otherwise, a registration issued by the Board to practice non-therapeutic massage.\r\r","history":null,"structure":{"0":{"label":"article","name":"Health Occupations","identifier":"gho"}}}