{"section":"gho-14-5E-01","catch_line":"...","text":"(a) In this subtitle the following words have the meanings indicated.\r\r(b) \"Board\" means the State Board of Physicians.\r\r(c) \"Committee\" means the Perfusion Advisory Committee established under \u00a7 14-5E-05 of this subtitle.\r\r(d) \"License\" means a license issued by the Board to practice perfusion.\r\r(e) \"Licensed perfusionist\" means a perfusionist who is licensed by the Board under this subtitle to practice perfusion.\r\r(f) \r\r(g) \"Student\" means an individual who, in accordance with \u00a7 14-5E-09(c) of this subtitle, is:\r\r(h) \"Supervision\" means the responsibility of a licensed physician to exercise on site or immediately available direction for a licensed perfusionist to ensure the safety and welfare of patients during the course of perfusion.\r\r","history":null,"structure":{"0":{"label":"article","name":"Health Occupations","identifier":"gho"}}}