{"section":"gho-14-5C-01","catch_line":"In this subtitle the following words have the meanings indicated....","text":"(a) In this subtitle the following words have the meanings indicated.\r\r(b) \"Board\" means the State Board of Physicians.\r\r(c) \"Committee\" means the Polysomnography Professional Standards Committee established under \u00a7 14-5C-05 of this subtitle.\r\r(d) \"License\" means a license issued by the Board.\r\r(e) \"Licensed polysomnographic technologist\" means a polysomnographic technologist who is licensed by the Board under this subtitle to practice polysomnography under the supervision of a licensed physician.\r\r(f) \r\r(g) \"Student\" means an individual who, in accordance with section 14-5C-09(c) of this subtitle, is:\r\r(h) \"Registered polysomnographic technologist\" means a polysomnographic technologist who is registered by the Board of Registered Polysomnographic Technicians.\r\r(i) \"Supervision\" means general or direct supervision of a licensed polysomnographic technologist by a licensed physician.\r\r","history":null,"structure":{"0":{"label":"article","name":"Health Occupations","identifier":"gho"}}}