{"section":"gho-12-6B-01","catch_line":"Except as otherwise provided in this title, on or after January 1, 2007, an individual shall be regi...","text":"(a) Except as otherwise provided in this title, on or after January 1, 2007, an individual shall be registered and approved by the Board as a pharmacy technician before the individual may perform delegated pharmacy acts.\r\r(b) This section does not apply to:\r\r","history":null,"structure":{"0":{"label":"article","name":"Health Occupations","identifier":"gho"}}}