{"section":"gho-14-5D-01","catch_line":"In this subtitle the following words have the meanings indicated....","text":"(a) In this subtitle the following words have the meanings indicated.\r\r(b) \"Alternate supervising physician\" means one or more physicians designated by the supervising physician to provide supervision of an athletic trainer:\r\r(c) \"Athlete\" means an individual who participates in an athletic activity.\r\r(d) \"Athletic activity\" means exercise, recreation, sport, competition, or game that:\r\r(e) \"Athletic injury\" means an injury that affects an athlete's participation or performance in an athletic activity.\r\r(f) \"Board\" means the State Board of Physicians.\r\r(g) \"Committee\" means the Athletic Trainer Advisory Committee established under \u00a7 14-5D-04 of this subtitle.\r\r(h) \"Educational institution\" includes:\r\r(i) \"Evaluation and treatment protocol\" means a document that is executed by a physician and an athletic trainer that meets the requirements of \u00a7 14-5D-11 of this subtitle.\r\r(j) \"License\" means a license issued by the Board to practice athletic training.\r\r(k) \"Licensed athletic trainer\" means an individual who is licensed by the Board to practice athletic training.\r\r(l) \"Licensed health care practitioner\" means an individual licensed, certified, or otherwise authorized to practice a health occupation under this article.\r\r(m) \"National certifying board\" means the National Athletic Trainers' Association Board of Certification, Inc., or its successor organization.\r\r(n) \"Nonsupervising physician\" means a physician licensed by the Board who is not the supervising physician of the licensed athletic trainer.\r\r(o) \"Outside referral\" means a request for treatment from a nonsupervising physician or licensed health care practitioner.\r\r(p) \r\r(q) \"Setting\" means a:\r\r(r) \"Supervising physician\" means a physician who has been approved by the Board to supervise one or more athletic trainers.\r\r(s) \"Supervision\" means the responsibility of a physician to provide ongoing and immediately available instruction, in person, by telephone, or by other electronic means, that is adequate to ensure the safety and welfare of a patient and is appropriate to the setting.\r\r","history":null,"structure":{"0":{"label":"article","name":"Health Occupations","identifier":"gho"}}}