{"section":"gho-12-6B-02","catch_line":"To qualify for registration an applicant shall be an individual who:...","text":"(a) To qualify for registration an applicant shall be an individual who:\r\r(b) The applicant shall:\r\r(c) The Board may not approve an application until the State criminal history records check is completed.\r\r(d) If an applicant does not meet the requirements of subsection (b)(3) through (5) of this section, the applicant qualifies for registration if:\r\r(e) An individual, at least 16 years and 6 months old, may begin fulfilling the pharmacy technician registration requirements under this subtitle.\r\r(f) \r\r","history":null,"structure":{"0":{"label":"article","name":"Health Occupations","identifier":"gho"}}}