{"section":"gho-14-5A-01","catch_line":"...","text":"(a) In this subtitle the following words have the meanings indicated.\r\r(b) \"Board\" means the State Board of Physicians.\r\r(c) \"Committee\" means the Respiratory Care Professional Standards Committee established under \u00a7 14-5A-05 of this subtitle.\r\r(d) \"License\" means a license issued by the Board to practice respiratory care.\r\r(e) \"Licensed respiratory care practitioner\" means a respiratory care practitioner who is licensed by the Board to practice respiratory care.\r\r(f) \"Licensee\" means a licensed respiratory care practitioner.\r\r(g) \"National certifying board\" means the National Board for Respiratory Care or a certifying organization that has certification requirements equivalent to the National Board for Respiratory Care and that has been approved by the Board.\r\r(h) \r\r(i) \"Supervision\" means the responsibility of a physician to exercise on-site or immediately available direction for a licensed respiratory care practitioner performing delegated medical acts.\r\r","history":null,"structure":{"0":{"label":"article","name":"Health Occupations","identifier":"gho"}}}