{"section":"gho-12-6C-01","catch_line":"...","text":"(a) In this subtitle the following words have the meanings  indicated.\r\r(b) \"Authenticate\" means to affirmatively verify, before any  wholesale distribution of a prescription drug occurs, that each  transaction listed on the pedigree for the prescription drug has  occurred.\r\r(c) \"Authorized distributor of record\" means a wholesale  distributor with whom a manufacturer has established an ongoing  relationship to distribute the manufacturer's prescription drug.\r\r(d) \"Co-licensed partner\" means a person in a relationship in  which two or more persons have the right to engage in the  manufacturing or marketing of a prescription drug, consistent with  the U.S. Food and Drug Administration's implementation of the  federal Prescription Drug Marketing Act.\r\r(e) \"Co-licensed product\" means a product of co-licensed  partners.\r\r(f) \"Designated representative\" means an individual who:\r\r(g) \"Drop shipment\" means the sale of a prescription drug:\r\r(h) \"Facility\" means a facility of a wholesale distributor  where prescription drugs are stored, handled, repackaged, or  offered for sale.\r\r(i) \"Intracompany sales\" means a:\r\r(j) \"Manufacturer\" means a person licensed or approved by  the U.S. Food and Drug Administration to engage in the  manufacture of prescription drugs or prescription devices,  consistent with the definition of \"manufacturer\" under the U.S.  Food and Drug Administration's regulations and guidelines  implementing the Prescription Drug Marketing Act.\r\r(k) \"Manufacturer's exclusive distributor\" means a person  who:\r\r(l) \"Normal distribution channel\" means a chain of custody  for a prescription drug that, directly or by drop shipment, goes:\r\r(m) \"Ongoing relationship\" means a relationship that exists  between a wholesale distributor, including any affiliated group of  the wholesale distributor, as defined in \u00a7 1504 of the Internal  Revenue Code, and a manufacturer when the wholesale distributor:\r\r(n) \"Pedigree\" means a document or electronic file  containing information that records each wholesale distribution  of a prescription drug.\r\r(o) \"Pharmacy warehouse\" means a physical location for  storage of prescription drugs that:\r\r(p) \"Prescription device\" means any device required by federal law or regulation to be dispensed only by a prescription.\r\r(q) \r\r(r) \r\r(s) \"Repackager\" means a person who repackages  prescription drugs.\r\r(t) \"Third party logistics provider\" means a person who:\r\r(u) \r\r(v) \r\r(w) \"Wholesale distributor permit\" means a permit issued by  the Board under this subtitle to distribute prescription drugs or  prescription devices into, out of, or within the State as a wholesale  distributor.\r\r","history":null,"structure":{"0":{"label":"article","name":"Health Occupations","identifier":"gho"}}}