{"section":"gho-7-4A-04","catch_line":"There is a Family Security Trust Fund Advisory Committee....","text":"(a) There is a Family Security Trust Fund Advisory Committee.\r\r(b) The Advisory Committee consists of the following five members:\r\r(c) The Advisory Committee members may be, but are not required to be, licensees of the Board.\r\r(d) \r\r(e) The Advisory Committee shall elect annually a chair, vice chair, and secretary from among its members.\r\r(f) \r\r(g) The purpose of the Advisory Committee is to provide nonbinding counsel and advice to the Board on any Fund matters other than pending individual claim matters.\r\r(h) The Board shall:\r\r(i) A member of the Advisory Committee:\r\r","history":null,"structure":{"0":{"label":"article","name":"Health Occupations","identifier":"gho"}}}