{"section":"gho-8-6B-01","catch_line":"In this subtitle the following words have the meanings indicated....","text":"(a) In this subtitle the following words have the meanings indicated.\r\r(b) \"Board\" means the State Board of Nursing.\r\r(c) \"Committee\" means the Electrology Practice Committee.\r\r(d) \"Electrologist\" means an individual who practices electrology.\r\r(e) \"Electrology instructor\" means an individual who practices electrology and teaches an electrology education program.\r\r(f) \"License\" means, unless the context requires otherwise, a license issued by the Board:\r\r(g) \"Licensed electrologist\" means, unless the context requires otherwise, an electrologist who is licensed by the Board to practice electrology.\r\r(h) \"Licensed electrology instructor\" means, unless the context requires otherwise, an electrologist who is licensed by the Board to practice electrology and teach an electrology education program.\r\r(i) \"Practice electrology\" means to remove hair permanently through the use of electrical instruments.\r\r","history":null,"structure":{"0":{"label":"article","name":"Health Occupations","identifier":"gho"}}}