{"section":"gho-8-7A-03","catch_line":"...","text":"(a) This Nurse Multistate Licensure Compact may not nullify any other provision in this title or any other title applicable to the practice of nursing in the State.\r\r(b) In any instance where this Nurse Multistate Licensure Compact is silent as to an issue, the other provisions of this title and any regulations promulgated under this title shall prevail.\r\r","history":null,"structure":{"0":{"label":"article","name":"Health Occupations","identifier":"gho"}}}