{"section":"gho-8-6A-03","catch_line":"An individual shall be certified as a nursing assistant by the Board before the individual may:...","text":"(a) An individual shall be certified as a nursing assistant by the Board before the individual may:\r\r(b) An individual shall be certified as a medication technician by the Board before the individual may:\r\r(c) An individual may not practice, attempt to practice, or offer to practice as a certified medication technician without certification from the Board.\r\r","history":null,"structure":{"0":{"label":"article","name":"Health Occupations","identifier":"gho"}}}