{"section":"gho-12-6A-01","catch_line":"In this subtitle the following words have the meanings indicated....","text":"(a) In this subtitle the following words have the meanings indicated.\r\r(b) \"Group model health maintenance organization\" has the meaning stated in \u00a7 19-713.6 of the Health - General Article.\r\r(c) \"Health maintenance organization\" has the meaning stated in \u00a7 19-701(g) of the Health - General Article.\r\r(d) \r\r(e) \"Licensed physician\" means an individual who is licensed to practice medicine under Title 14 of this article.\r\r(f) \"Physician-pharmacist agreement\" means an agreement between a licensed physician and a licensed pharmacist that is disease-state specific and specifies the protocols that may be used.\r\r(g) \"Protocol\" means a course of treatment predetermined by the licensed physician and licensed pharmacist according to generally accepted medical practice for the proper completion of a particular therapeutic or diagnostic intervention.\r\r(h) \r\r","history":null,"structure":{"0":{"label":"article","name":"Health Occupations","identifier":"gho"}}}