{"section":"gho-8-6A-01","catch_line":"In this subtitle the following words have the meanings indicated....","text":"(a) In this subtitle the following words have the meanings indicated.\r\r(b) \"Approved medication technician training program\" means a course of training approved by the Board that meets the basic medication technician core curriculum and the medication technician content training specific to the setting in which the medication technician will work.\r\r(c) \"Approved nursing assistant training program\" means a course of training that meets the basic nursing assistant curriculum prescribed and approved by the Board.\r\r(d) \"Board\" means the State Board of Nursing.\r\r(e) \"Certificate\" means a certificate issued by the Board to practice as a certified nursing assistant or a certified medication technician in the State.\r\r(f) \"Certified medication technician\" means an individual who:\r\r(g) \"Certified medicine aide\" means a certified nursing assistant who has completed a Board-approved course in medication administration.\r\r(h) \"Certified nursing assistant\":\r\r(i) \"Department\" means the Department of Health and Mental Hygiene.\r\r(j) \"Geriatric nursing assistant\" means a certified nursing assistant who has successfully completed the requirements for geriatric nursing assistant mandated under federal law and the regulations of the Board.\r\r","history":null,"structure":{"0":{"label":"article","name":"Health Occupations","identifier":"gho"}}}