{"section":"gho-8-6A-02","catch_line":"Except as otherwise provided in this subtitle, an individual shall be certified by the Board to prac...","text":"(a) Except as otherwise provided in this subtitle, an individual shall be certified by the Board to practice as a nursing assistant or medication technician before the individual may practice as a nursing assistant or medication technician in the State.\r\r(b) This subtitle does not apply to an individual who:\r\r(c) Nothing in this section shall preclude a registered nurse or licensed practical nurse from delegating a nursing task to an unlicensed individual provided that acceptance of delegated nursing tasks does not become a routine part of the unlicensed individual's job duties.\r\r","history":null,"structure":{"0":{"label":"article","name":"Health Occupations","identifier":"gho"}}}