{"section":"ghu-5-5A-01","catch_line":"In this subtitle the following words have the meanings indicated....","text":"(a) In this subtitle the following words have the meanings indicated.\r\r(b) \"Energy emergency\" means a lack of fuel or the imminent discontinuation of energy services supplied by a fuel vendor or utility vendor that will endanger health, safety, or welfare.\r\r(c) \"Fuel vendor\" means a person that distributes, transports, produces, or offers for sale coal products, fuel oil, kerosene, bottled gas, propane, or wood for fuel use or consumption in the State.\r\r(d) \"Office\" means the Office of Home Energy Programs.\r\r(e) \"Program\" means the Energy Assistance Program.\r\r(f) \"Utility vendor\" means a person that distributes, transports, or produces natural gas or electricity for use or consumption in the State.\r\r","history":null,"structure":{"0":{"label":"article","name":"Human Services","identifier":"ghu"}}}