{"section":"gin-15-12A-01","catch_line":"...","text":"(a) In this subtitle the following words have the meanings indicated.\r\r(b) \"Commission\" means the Maryland Health Care Commission.\r\r(c) \"Department\" means the Department of Health and Mental Hygiene.\r\r(d) \"Eligible employee\" has the meaning stated in \u00a7 15-1201 of this title.\r\r(e) \"Health savings account\" means a health savings account as defined in the Medicare Prescription Drug, Improvement and Modernization Act of 2003, Title 12, \u00a7 1201(a) as codified at Part VII, subchapter B, chapter 1, \u00a7 223(d) of the Internal Revenue Code.\r\r(f) \"Program\" means the Small Employer Health Benefit Plan Premium Subsidy Program.\r\r(g) \"Small employer\" has the meaning stated in \u00a7 15-1201 of this title.\r\r(h) \"Small employer health benefit plan\" means a health benefit plan as defined in \u00a7 15-1201 of this title that may be sold to a small employer under Subtitle 12 of this title.\r\r(i) \"Wellness benefit\" has the meaning stated in \u00a7 15-1201 of this title.\r\r","history":null,"structure":{"0":{"label":"article","name":"Insurance","identifier":"gin"}}}