{"section":"gin-15-12A-02","catch_line":"There is a Small Employer Health Benefit Plan Premium Subsidy Program....","text":"(a) There is a Small Employer Health Benefit Plan Premium Subsidy Program.\r\r(b) The purposes of the Program are to:\r\r(c) The Commission, in consultation with the Department, shall administer the Program.\r\r(d) The Program shall consist of subsidies, as provided under \u00a7 15-12A-03 of this subtitle, for:\r\r(e) Funding for the Program may be provided from:\r\r(f) The Commission shall adopt regulations to establish:\r\r","history":null,"structure":{"0":{"label":"article","name":"Insurance","identifier":"gin"}}}