{"section":"gin-15-10B-03","catch_line":"...","text":"(a) A private review agent may not conduct utilization review in this State unless the Commissioner has granted the private review agent a certificate.\r\r(b) The Commissioner shall issue a certificate to an applicant that has met all the requirements of this subtitle and all applicable regulations of the Commissioner.\r\r(c) A certificate issued under this subtitle is not transferable.\r\r(d) The Commissioner may consider an applicant as having met a particular certification requirement under this subtitle if:\r\r(e) The Commissioner may adopt regulations to implement the provisions of this section.\r\r(f) The Commissioner may not issue a certificate to an applicant with utilization management accreditation by an approved accrediting organization unless the applicant meets all the requirements of this subtitle and all applicable regulations of the Commissioner.\r\r(g) A report of an approved accrediting organization used by the Commissioner as evidence that the applicant has met a particular requirement for a private review agent certificate shall be made available by the Commissioner to the public on request.\r\r(h) \r\r","history":null,"structure":{"0":{"label":"article","name":"Insurance","identifier":"gin"}}}