{"section":"gin-15-10C-03","catch_line":"To be certified as a medical director under this subtitle, an applicant shall:...","text":"(a) To be certified as a medical director under this subtitle, an applicant shall:\r\r(b) The application shall include:\r\r(c) The delegation by a medical director of any of the medical director's responsibilities under this subtitle to an associate medical director or an assistant medical director does not prevent the medical director, regardless of the delegation, from being held responsible for any violation of this subtitle.\r\r","history":null,"structure":{"0":{"label":"article","name":"Insurance","identifier":"gin"}}}