{"section":"gin-15-10B-01","catch_line":"...","text":"(a) In this subtitle the following words have the meanings indicated.\r\r(b) \r\r(c) \"Certificate\" means a certificate of registration granted by the Commissioner to a private review agent.\r\r(d) \r\r(e) \r\r(f) \"Grievance decision\" means a final determination by a private review agent that arises from a grievance filed with the private review agent under its internal grievance process regarding an adverse decision concerning a patient.\r\r(g) \"Health care facility\" means:\r\r(h) \"Health care provider\" means:\r\r(i) \"Health care service\" means a health or medical care procedure or service rendered by a health care provider licensed or authorized to provide health care services that:\r\r(j) \"Health care service reviewer\" means an individual who is licensed or otherwise authorized to provide health care services in the ordinary course of business or practice of a profession.\r\r(k) \"Private review agent\" means:\r\r(l) \"Significant beneficial interest\" means the ownership of any financial interest that is greater than the lesser of:\r\r(m) \"Utilization review\" means a system for reviewing the appropriate and efficient allocation of health care resources and services given or proposed to be given to a patient or group of patients.\r\r(n) \"Utilization review plan\" means a description of the standards governing utilization review activities performed by a private review agent.\r\r","history":null,"structure":{"0":{"label":"article","name":"Insurance","identifier":"gin"}}}