{"section":"gin-15-10C-01","catch_line":"In this subtitle the following words have the meanings indicated....","text":"(a) In this subtitle the following words have the meanings indicated.\r\r(b) \"Board\" means the State Board of Physicians established under Title 14 of the Health Occupations Article.\r\r(c) \"Certificate\" means a certificate issued by the Commissioner under this subtitle to act as a medical director.\r\r(d) \"Department\" means the Department of Health and Mental Hygiene.\r\r(e) \"Health maintenance organization\" has the meaning stated in \u00a7 19-701 of the Health - General Article.\r\r(f) \r\r","history":null,"structure":{"0":{"label":"article","name":"Insurance","identifier":"gin"}}}