{"section":"gin-15-10A-02","catch_line":"...","text":"(a) Each carrier shall establish an internal grievance process for its members.\r\r(b) \r\r(c) Except as provided in subsection (d) of this section, the carrier's internal grievance process shall be exhausted prior to filing a complaint with the Commissioner under this subtitle.\r\r(d) \r\r(e) Each carrier shall:\r\r(f) For nonemergency cases, when a carrier renders an adverse decision, the carrier shall:\r\r(g) If within 5 working days after a member, the member's representative, or a health care provider, who has filed a grievance on behalf of a member, files a grievance with the carrier, and if the carrier does not have sufficient information to complete its internal grievance process, the carrier shall:\r\r(h) A carrier may extend the 30-day or 45-day period required for making a final grievance decision under subsection (b)(2)(ii) of this section with the written consent of the member, the member's representative, or the health care provider who filed the grievance on behalf of the member.\r\r(i) \r\r(j) \r\r(k) \r\r(l) \r\r","history":null,"structure":{"0":{"label":"article","name":"Insurance","identifier":"gin"}}}