{"section":"gin-15-12A-04","catch_line":"A small employer that provides a small employer health benefit plan that is compatible with a health...","text":"(a) A small employer that provides a small employer health benefit plan that is compatible with a health savings account may be eligible for a subsidy under the Program if:\r\r(b) For the purpose of calculating the subsidy for a small employer under \u00a7 15-12A-03 of this subtitle, the Commission shall consider amounts contributed to the health savings account by a small employer that is eligible for a subsidy as additional premium contributions.\r\r(c) For the purpose of calculating the subsidy for an employee of a small employer under \u00a7 15-12A-03 of this subtitle, the Commission shall consider amounts contributed to the health savings account by an employee of a small employer that is eligible for a subsidy as additional premium contributions.\r\r","history":null,"structure":{"0":{"label":"article","name":"Insurance","identifier":"gin"}}}