{"section":"gin-15-12A-03","catch_line":"...","text":"(a) A small employer and the employees of the small employer shall be eligible for a subsidy of small employer health benefit plan premiums if the small employer:\r\r(b) A subsidy provided to a small employer under the Program:\r\r(c) A subsidy provided to an employee of a small employer under the Program:\r\r(d) The Commission may alter the subsidy amounts provided under subsections (b) and (c) of this section according to the number of employees of the small employer.\r\r(e) The total amount of all subsidies provided under this section shall be subject to the limitations of the State budget.\r\r","history":null,"structure":{"0":{"label":"article","name":"Insurance","identifier":"gin"}}}