{"section":"gin-15-10A-01","catch_line":"...","text":"(a) In this subtitle the following words have the meanings indicated.\r\r(b) \r\r(c) \"Carrier\" means a person that offers a health benefit plan and is:\r\r(d) \"Complaint\" means a protest filed with the Commissioner involving an adverse decision or grievance decision concerning the member.\r\r(e) \"Designee of the Commissioner\" means any person to whom the Commissioner has delegated the authority to review and decide complaints filed under this subtitle, including an administrative law judge to whom the authority to conduct a hearing has been delegated for recommended or final decision.\r\r(f) \"Grievance\" means a protest filed by a member, a member's representative, or a health care provider on behalf of a member with a carrier through the carrier's internal grievance process regarding an adverse decision concerning the member.\r\r(g) \"Grievance decision\" means a final determination by a carrier that arises from a grievance filed with the carrier under its internal grievance process regarding an adverse decision concerning a member.\r\r(h) \"Health Advocacy Unit\" means the Health Education and Advocacy Unit in the Division of Consumer Protection of the Office of the Attorney General established under Title 13, Subtitle 4A of the Commercial Law Article.\r\r(i) \"Health benefit plan\" has the meaning stated in \u00a7 2-112.2(a) of this article.\r\r(j) \"Health care provider\" means:\r\r(k) \"Health care service\" means a health or medical care procedure or service rendered by a health care provider that:\r\r(l) \r\r(m) \"Member's representative\" means an individual who has been authorized by the member to file a grievance or a complaint on the member's behalf.\r\r(n) \"Private review agent\" has the meaning stated in \u00a7 15-10B-01 of this title.\r\r","history":null,"structure":{"0":{"label":"article","name":"Insurance","identifier":"gin"}}}