{"section":"gin-15-10A-03","catch_line":"...","text":"(a) \r\r(b) \r\r(c) \r\r(d) The Commissioner shall seek advice from an independent review organization or medical expert, as provided in \u00a7 15-10A-05 of this subtitle, for complaints filed with the Commissioner under this subtitle that involve a question of whether a health care service provided or to be provided to a member is medically necessary.\r\r(e) \r\r(f) The Commissioner may request the member that filed the complaint or a legally authorized designee of the member to sign a consent form authorizing the release of the member's medical records to the Commissioner or the Commissioner's designee that are needed in order for the Commissioner to make a final decision on the complaint.\r\r","history":null,"structure":{"0":{"label":"article","name":"Insurance","identifier":"gin"}}}