{"section":"gin-15-10B-04","catch_line":"An applicant for a certificate shall:...","text":"(a) An applicant for a certificate shall:\r\r(b) The application shall:\r\r(c) The fees required under subsection (a)(2) of this section or \u00a7 15-10B-10(b)(2) of this subtitle shall be sufficient to pay for the administrative costs of the certificate program and any other costs associated with carrying out the provisions of this subtitle.\r\r","history":null,"structure":{"0":{"label":"article","name":"Insurance","identifier":"gin"}}}