{"section":"gin-15-10D-02","catch_line":"...","text":"(a) \r\r(b) A carrier under this section shall render a final decision in writing to a member, a member's representative, and a health care provider acting on behalf of the member within 60 working days after the date on which the appeal is filed.\r\r(c) Except as provided in subsection (d) of this section, the carrier's internal appeal process shall be exhausted prior to filing a complaint with the Commissioner under this subtitle.\r\r(d) A member, a member's representative, or a health care provider filing a complaint on behalf of a member may file a complaint with the Commissioner without first filing an appeal with a carrier only if the coverage decision involves an urgent medical condition, as defined by regulation adopted by the Commissioner, for which care has not been rendered.\r\r(e) \r\r(f) \r\r(g) The Commissioner may request the member that filed the complaint or a legally authorized designee of the member to sign a consent form authorizing the release of the member's medical records to the Commissioner or the Commissioner's designee that are needed in order for the Commissioner to make a final decision on the complaint.\r\r(h) \r\r(i) The Commissioner shall:\r\r","history":null,"structure":{"0":{"label":"article","name":"Insurance","identifier":"gin"}}}