{"section":"gin-15-10D-03","catch_line":"...","text":"(a) It is a violation of this subtitle for a carrier to fail to fulfill the carrier's obligations to provide or reimburse for health care services specified in the carrier's policies or contracts with members.\r\r(b) If, in rendering a coverage decision or appeal decision, a carrier fails to fulfill the carrier's policies or contracts with members, the Commissioner may:\r\r","history":null,"structure":{"0":{"label":"article","name":"Insurance","identifier":"gin"}}}