{"section":"gin-15-10D-01","catch_line":"...","text":"(a) In this subtitle the following words have the meanings indicated.\r\r(b) \"Appeal\" means a protest filed by a member, a member's representative, or a health care provider with a carrier under its internal appeal process regarding a coverage decision concerning a member.\r\r(c) \"Appeal decision\" means a final determination by a carrier that arises from an appeal filed with the carrier under its appeal process regarding a coverage decision concerning a member.\r\r(d) \"Carrier\" means a person that offers a health benefit plan and is:\r\r(e) \"Complaint\" means a protest filed with the Commissioner involving a coverage decision other than that which is covered by Subtitle 10A of this title.\r\r(f) \r\r(g) \"Designee of the Commissioner\" means any person to whom the Commissioner has delegated the authority to review and decide complaints filed under this subtitle, including an administrative law judge to whom the authority to conduct a hearing has been delegated for recommended or final decision.\r\r(h) \r\r(i) \"Health care provider\" means:\r\r(j) \"Health care service\" means a health or medical care procedure or service rendered by a health care provider that:\r\r(k) \r\r(l) \"Member's representative\" means an individual who has been authorized by the member to file an appeal or a complaint on behalf of the member.\r\r(m) \"Pharmacy benefits manager\" has the meaning stated in \u00a7 15-1601 of this title.\r\r(n) \"Pharmacy inquiry\" means an inquiry submitted by a pharmacist or pharmacy on behalf of a member to a carrier or a pharmacy benefits manager at the point of sale about the scope of pharmacy coverage, pharmacy benefit design, or formulary under a health benefit plan.\r\r","history":null,"structure":{"0":{"label":"article","name":"Insurance","identifier":"gin"}}}