{"section":"gle-9-6A-01","catch_line":"In this subtitle the following words have the meanings indicated....","text":"(a) In this subtitle the following words have the meanings indicated.\r\r(b) \"Advisory Committee\" means the Advisory Committee on the Registration of Rehabilitation Practitioners.\r\r(c) \"Registration\" means the authorization of a rehabilitation practitioner to provide vocational rehabilitation services.\r\r(d) \r\r(e) \"State Department of Education, Division of Rehabilitation Services\" means the State agency designated to administer the public vocational rehabilitation services program.\r\r(f) \"Vocational rehabilitation services\" has the meaning stated in \u00a7 9-670 of this title.\r\r","history":null,"structure":{"0":{"label":"article","name":"Labor and Employment","identifier":"gle"}}}