{"section":"gle-9-6A-02","catch_line":"The purpose of this subtitle is to establish educational and experience requirements for individuals...","text":"The purpose of this subtitle is to establish educational and experience requirements for individuals who provide vocational rehabilitation services in the workers' compensation field and to establish a registration system to better regulate the activities of those individuals providing vocational rehabilitation services.","history":null,"structure":{"0":{"label":"article","name":"Labor and Employment","identifier":"gle"}}}