{"section":"gle-9-6A-03","catch_line":"...","text":"(a) The State Department of Education, Division of Rehabilitation Services, shall be registered with the Commission to provide vocational rehabilitation services under this subtitle.\r\r(b) Rehabilitation specialists employed by the State Department of Education, Division of Rehabilitation Services, are not required to register individually to provide vocational rehabilitation services to clients of the Division.\r\r(c) \r\r","history":null,"structure":{"0":{"label":"article","name":"Labor and Employment","identifier":"gle"}}}