{"section":"gle-8-5A-03","catch_line":"...","text":"(a) Two members of the Board of Appeals shall constitute a quorum. A vacancy does not impair the right of the remaining members to exercise the powers of the Board of Appeals under this title.\r\r(b) Each member of the Board of Appeals is entitled to the salary provided in the State budget.\r\r(c) \r\r(d) The Secretary shall provide the Board of Appeals with the offices, equipment, services, and supplies necessary for its operation.\r\r","history":null,"structure":{"0":{"label":"article","name":"Labor and Employment","identifier":"gle"}}}