{"section":"gnr-3-2A-01","catch_line":"...","text":"(a) In this subtitle the following words have the meanings indicated.\r\r(b) \"Department\" means the Department of Natural Resources.\r\r(c) \"Grant Fund\" means the Land Trust Grant Fund established under \u00a7 3-2A-02 of this subtitle.\r\r(d) \"Land trust\" means a qualified conservation organization that:\r\r(e) \"Trust\" means the Maryland Environmental Trust.\r\r","history":null,"structure":{"0":{"label":"article","name":"Natural Resources","identifier":"gnr"}}}