{"section":"gnr-8-2A-03","catch_line":"There is a BayStat Program to:...","text":"(a) \r\r(b) The BayStat Program shall:\r\r(c) The BayStat Subcabinet shall:\r\r(d) The Governor shall submit the annual work and expenditure plans to the General Assembly as part of the annual budget submission.\r\r(e) On an annual basis the BayStat Subcabinet shall prepare a final work and expenditure plan based on the budget approved by the General Assembly.\r\r","history":null,"structure":{"0":{"label":"article","name":"Natural Resources","identifier":"gnr"}}}