{"section":"gnr-1-2A-01","catch_line":"...","text":"(a) Unless otherwise provided by law, the Department shall maintain custody of any abandoned, lost, or seized personal property that comes into the custody of the Department until the Department determines that the custody by the Department is not necessary to any investigation or prosecution.\r\r(b) Unless otherwise provided by law, after a determination described under subsection (a) of this section, the Department shall return abandoned, lost, or seized personal property to the person who:\r\r(c) \r\r","history":null,"structure":{"0":{"label":"article","name":"Natural Resources","identifier":"gnr"}}}