{"section":"gnr-5-9B-04","catch_line":"A sponsor that applies for funding to implement a local land preservation program under this subtitl...","text":"(a) A sponsor that applies for funding to implement a local land preservation program under this subtitle shall:\r\r(b) A sponsor may satisfy the requirements of subsection (a)(1) of this section with materials developed under or in conjunction with:\r\r","history":null,"structure":{"0":{"label":"article","name":"Natural Resources","identifier":"gnr"}}}