{"section":"gnr-5-9B-01","catch_line":"In this subtitle the following words have the meanings indicated....","text":"(a) In this subtitle the following words have the meanings indicated.\r\r(b) \"Application\" means an application by a local government to the Board of Public Works to fund the purchase of an interest in real property under a local land preservation program.\r\r(c) \"Program\" means a local land preservation program established in accordance with this subtitle.\r\r(d) \"Sponsor\" means a local government.\r\r","history":null,"structure":{"0":{"label":"article","name":"Natural Resources","identifier":"gnr"}}}