{"section":"gnr-3-2A-03","catch_line":"All receipts designated for the Grant Fund shall be placed in the Grant Fund held by the Department ...","text":"(a) All receipts designated for the Grant Fund shall be placed in the Grant Fund held by the Department and administered by the Trust, including:\r\r(b) Any unspent moneys in the Grant Fund at the end of the fiscal year shall remain in the Grant Fund and may not revert to the General Fund of the State.\r\r","history":null,"structure":{"0":{"label":"article","name":"Natural Resources","identifier":"gnr"}}}