{"section":"gnr-3-3A-04","catch_line":"Not later than January 1, 1987, and biennially thereafter, the departments, with the advice of the p...","text":"(a) Not later than January 1, 1987, and biennially thereafter, the departments, with the advice of the participating agencies and interested private parties, shall prepare and submit a report to the Governor, and subject to \u00a7 2-1246 of the State Government Article, to the General Assembly.\r\r(b) The report shall include:\r\r","history":null,"structure":{"0":{"label":"article","name":"Natural Resources","identifier":"gnr"}}}