{"section":"gnr-5-9B-03","catch_line":"The sponsor shall submit applications to appropriate State and local units and consider any recommen...","text":"(a) The sponsor shall submit applications to appropriate State and local units and consider any recommendations made regarding the applications.\r\r(b) An easement acquired under this subtitle is perpetual and may not be extinguished or released.\r\r(c) \r\r(d) All easement acquisitions must be recorded among the land records where the real property is located.\r\r","history":null,"structure":{"0":{"label":"article","name":"Natural Resources","identifier":"gnr"}}}