{"section":"gnr-5-9A-03","catch_line":"There is a Rural Legacy Board established in the Department of Natural Resources to administer the R...","text":"(a) There is a Rural Legacy Board established in the Department of Natural Resources to administer the Rural Legacy Program.\r\r(b) The Board consists of the following members:\r\r(c) The Secretary of Natural Resources shall serve as Chairman of the Board.\r\r(d) \r\r","history":null,"structure":{"0":{"label":"article","name":"Natural Resources","identifier":"gnr"}}}