{"section":"gnr-10-2A-04","catch_line":"Any species of wildlife or plant determined to be endangered species pursuant to the Endangered Spec...","text":"(a) Any species of wildlife or plant determined to be endangered species pursuant to the Endangered Species Act shall be deemed to be an endangered species under the provisions of this subtitle and any species of wildlife or plant determined to be a threatened species pursuant to the Endangered Species Act shall be deemed to be a threatened species under the provisions of this subtitle. The Secretary may determine, in accordance with this section, that any threatened species is an endangered species throughout all or any portion of the range of the species within the State.\r\r(b) In addition to the species deemed to be endangered or threatened pursuant to the Endangered Species Act, the Secretary, by regulation, shall determine whether any species of wildlife or plant normally occurring within the State is an endangered or threatened species due to any of the following factors:\r\r(c) The Secretary shall make determinations required by subsection (b) of this section on the basis of the best scientific, commercial, and other data available to and after consultation, as appropriate, with federal agencies, other interested State agencies, other states having a common interest in the species, and interested persons and organizations. In determining whether any species of wildlife or plant is an endangered species or a threatened species, the Secretary shall take into consideration any actions being carried out or about to be carried out by the federal government, other states, other agencies of this State, or political subdivisions, or by any other person which may affect the species under consideration.\r\r(d) Except with respect to species of wildlife or plants determined to be endangered or threatened species under the provisions of subsection (a) of this section, the Secretary may not add a species to nor remove a species from any list published unless the Secretary first:\r\r(e) Notwithstanding the provisions of subsection (d) of this section, if the Department determines that an emergency situation exists involving the continued existence of the species as a viable component of the State's wildlife or plants, the Department may add the species to the lists if the Department publishes a public notice that an emergency situation exists together with a summary of facts which support this determination.\r\r(f) The Secretary shall adopt regulations containing a list of all species of wildlife and plants normally occurring within the State determined to be endangered species and a list of all species determined to be threatened species. Each list shall refer to the species by scientific and common names and shall specify with respect to each species over what portion of its range it is endangered or threatened.\r\r","history":null,"structure":{"0":{"label":"article","name":"Natural Resources","identifier":"gnr"}}}