{"section":"gnr-10-2A-03","catch_line":"...","text":"(a) The Secretary shall conduct investigations of nongame wildlife in order to develop information relating to population, distribution, habitat needs, limiting factors, and other biological and ecological data to determine conservation measures necessary for their continued ability to sustain themselves successfully. On the basis of these determinations the Secretary shall issue proposed regulations not later than July 1, 1977 and develop conservation programs designed to insure the continued ability of nongame wildlife deemed in need of conservation to perpetuate themselves successfully. The Secretary shall conduct ongoing investigations of nongame wildlife.\r\r(b) The Secretary, by regulations, shall adopt limitations relating to taking, possession, transportation, exportation, processing, sale or offer for sale, or shipment necessary to conserve nongame wildlife.\r\r(c) \r\r","history":null,"structure":{"0":{"label":"article","name":"Natural Resources","identifier":"gnr"}}}