{"section":"gnr-3-2A-04","catch_line":"If, at any time, the amount of money in the Grant Fund exceeds the amount that the Trust considers n...","text":"(a) If, at any time, the amount of money in the Grant Fund exceeds the amount that the Trust considers necessary currently to meet its expenses and obligations, the Department shall deposit the excess money with the State Treasurer, who shall invest the money in the manner provided for by law.\r\r(b) Annually, the State Treasurer shall report to the Department as to:\r\r","history":null,"structure":{"0":{"label":"article","name":"Natural Resources","identifier":"gnr"}}}