{"section":"gnr-3-3A-01","catch_line":"...","text":"(a) In this subtitle the following words have the meanings indicated.\r\r(b) \"Acid deposition\" means the process whereby acid-forming chemical compounds are transported from the atmosphere to the surface of the earth.\r\r(c) \"Acid deposition precursor\" means an air contaminant that may be transformed to an acid gas or particle in the atmosphere.\r\r(d) \"Commission\" means the Maryland Public Service Commission.\r\r(e) \"Departments\" means the Department of Natural Resources and the Department of the Environment.\r\r(f) \"Participating agencies\" means the Commission, the People's Counsel of the Public Service Commission, and the Departments of Business and Economic Development, Agriculture, and Transportation, and the Department of Planning.\r\r","history":null,"structure":{"0":{"label":"article","name":"Natural Resources","identifier":"gnr"}}}