{"section":"gnr-4-11A-02","catch_line":"...","text":"(a) \r\r(b) A person may not engage in aquaculture unless the person has obtained a permit from the Department. The permit shall be conditioned upon the person complying with the regulations promulgated under subsection (a) of this section.\r\r(c) A permittee under this section shall allow the Department to inspect at reasonable hours any facilities, equipment, or fish involved in the permittee's aquaculture operations.\r\r(d) Except as otherwise provided by law or by regulations adopted by the Department, all provisions of this title and regulations adopted under this title applicable to the taking, possession, sale, and transport of finfish do not apply to finfish that are in or from aquaculture operations in nontidal ponds, lakes, or impoundments.\r\r","history":null,"structure":{"0":{"label":"article","name":"Natural Resources","identifier":"gnr"}}}