{"section":"gnr-5-9A-02","catch_line":"...","text":"(a) In this subtitle the following words have the meanings indicated.\r\r(b) \"Application\" means an application to the Rural Legacy Board to designate a Rural Legacy Area.\r\r(c) \"Board\" means the Rural Legacy Board.\r\r(d) \"BPW\" means the Maryland State Board of Public Works.\r\r(e) \"Grant agreement\" means an agreement between the Board and a sponsor to implement a Rural Legacy Plan in a designated Rural Legacy Area.\r\r(f) \"Land trust\" means a qualified conservation organization that:\r\r(g) \"Priority funding area\" means an area designated as a priority funding area under \u00a7 5-7B-02 of the State Finance and Procurement Article.\r\r(h) \"Program\" means the Rural Legacy Program established by this subtitle.\r\r(i) \"Rural Legacy Area\" means a region within or outside a metropolitan area designated by the Board as rich in a multiple of agricultural, forestry, natural, and cultural resources.\r\r(j) \"Rural Legacy Plan\" means a plan accepted by the Board for acquisition of easements and fee interests in Rural Legacy Areas.\r\r(k) \"Sponsor\" means a local government, group of local governments, or a land trust.\r\r","history":null,"structure":{"0":{"label":"article","name":"Natural Resources","identifier":"gnr"}}}