{"section":"gnr-4-11C-01","catch_line":"...","text":"(a) There is a Seafood Program Management Team to be administered by the Maryland Cooperative Extension.\r\r(b) The Team shall:\r\r(c) The Team shall consist of the following 18 individuals appointed by the Department:\r\r(d) \r\r(e) If a project is funded by the Team, the Team shall make public the project's design and results on the Department's website and by other methods determined by the Team or as required by law.\r\r","history":null,"structure":{"0":{"label":"article","name":"Natural Resources","identifier":"gnr"}}}