{"section":"gnr-4-11B-02","catch_line":"...","text":"(a) There is a Seafood Marketing Fund.\r\r(b) The Fund may receive proceeds from activities conducted by the Seafood Marketing and Aquaculture Development Program. These activities may include cookbook sales, poster sales, seafood festivals, and similar activities.\r\r(c) The Secretary shall adopt regulations to administer the Seafood Marketing Fund.\r\r","history":null,"structure":{"0":{"label":"article","name":"Natural Resources","identifier":"gnr"}}}