{"section":"gnr-4-11E-01","catch_line":"...","text":"(a) There is a Seafood Marketing Advisory Commission.\r\r(b) The Commission consists of 13 members.\r\r(c) Of the 13 Commission members:\r\r(d) \r\r(e) Before taking office, each appointee to the Commission shall take the oath required by Article I, --amp--sect; 9 of the Maryland Constitution.\r\r(f) The term of a member is 4 years.\r\r(g) A member may not serve more than 2 terms on the Commission.\r\r(h) The terms of the initial voting members of the Commission expire as follows:\r\r(i) At the end of a term, a member continues to serve until a successor is appointed and qualifies.\r\r(j) A member who is appointed after a term has begun serves only for the rest of the term and until a successor is appointed and qualifies.\r\r(k) The Governor may remove a member for incompetence or misconduct.\r\r(l) The Commission shall assist the Seafood Marketing and Aquaculture Development Program and the Division of Market Development in the Department of Agriculture in:\r\r","history":null,"structure":{"0":{"label":"article","name":"Natural Resources","identifier":"gnr"}}}