{"section":"gnr-4-11D-01","catch_line":"There is an Innovative Seafood Technologies Program....","text":"(a) There is an Innovative Seafood Technologies Program.\r\r(b) The Program shall:\r\r(c) As appropriate, the Program shall utilize the expertise of representatives of the Seafood Program Management Team, the seafood industry, including seafood harvesters, producers, processors, buyers, and food industry suppliers, and government and related academic fields.\r\r","history":null,"structure":{"0":{"label":"article","name":"Natural Resources","identifier":"gnr"}}}