{"section":"gnr-4-11A-03","catch_line":"The General Assembly defines aquaculture as an agricultural and fisheries management activity....","text":"(a) \r\r(b) It is the intent of the General Assembly to create:\r\r(c) The Department is the lead agency for:\r\r(d) The University of Maryland is the lead agency for research in aquaculture production and shall be responsible for development of education and extension programs which promote aquaculture as an industry.\r\r","history":null,"structure":{"0":{"label":"article","name":"Natural Resources","identifier":"gnr"}}}