{"section":"gnr-8-2A-02","catch_line":"...","text":"(a) There is a Chesapeake and Atlantic Coastal Bays 2010 Trust Fund.\r\r(b) The purpose of the Fund is to provide financial assistance necessary to advance Maryland's progress in meeting the goals established in the Chesapeake 2000 Agreement for the restoration of the Chesapeake Bay and its tributaries, including the Patuxent River, and to restore the health of the Atlantic Coastal Bays and their tributaries, by focusing limited financial resources on nonpoint source pollution control projects in all regions of the State.\r\r(c) The Secretary shall administer the Fund.\r\r(d) \r\r(e) The Fund consists of:\r\r(f) \r\r(g) \r\r(h) Money expended from the Fund for the restoration of the Chesapeake and Atlantic Coastal Bays and their tributaries, including the Patuxent River, is supplemental to and is not intended to take the place of funding that otherwise would be appropriated for bay restoration.\r\r","history":null,"structure":{"0":{"label":"article","name":"Natural Resources","identifier":"gnr"}}}