{"section":"gnr-4-11B-01","catch_line":"There is a Seafood Marketing and Aquaculture Development Program and a Division of Market Developmen...","text":"(a) There is a Seafood Marketing and Aquaculture Development Program and a Division of Market Development.\r\r(b) The Seafood Marketing and Aquaculture Development Program and Division of Market Development shall be part of the Department of Agriculture.\r\r(c) The Seafood Marketing and Aquaculture Development Program and Division of Market Development shall have the powers, duties, responsibilities, and functions provided in the laws of this State.\r\r","history":null,"structure":{"0":{"label":"article","name":"Natural Resources","identifier":"gnr"}}}