{"section":"gnr-4-11A-04","catch_line":"In consultation with the Oyster Advisory Commission, the Department shall identify by regulation the...","text":"(a) In consultation with the Oyster Advisory Commission, the Department shall identify by regulation the public shellfish fishery area in the Chesapeake Bay based on commercial harvesting activity during the 3 years preceding June 1, 2009, any surveys conducted by the Department, and other quantitative data known or made available to the Department.\r\r(b) The public shellfish fishery area may not be leased for shellfish aquaculture.\r\r","history":null,"structure":{"0":{"label":"article","name":"Natural Resources","identifier":"gnr"}}}