{"section":"gnr-3-9A-01","catch_line":"By resolution or ordinance of its legislative body, any charter county not a party to the Northeast ...","text":"(a) By resolution or ordinance of its legislative body, any charter county not a party to the Northeast Maryland Waste Disposal Authority provided for in \u00a7 3-903 of this title may enter into contracts with any industrial concern for the collection, storage, treatment, utilization, processing or final disposition of solid waste or for the recovery of material or energy therefrom, or any combination thereof.\r\r(b) The contracts:\r\r(c) The contracts may be for a period not to exceed 30 years.\r\r(d) The contracts may provide for minimum amounts of waste to be delivered or processed, and payment based thereon, whether or not the waste is actually delivered or processed, and may contain other terms and conditions as the parties consider appropriate.\r\r(e) Any contract may not be deemed a debt of or gift of the county within the meaning of any provision of law or charter, but shall constitute only the contractual liability provided by its terms.\r\r(f) The county may award or negotiate contracts which it deems to be in its best interest in the manner provided with respect to State competitive sealed proposals under \u00a7 13-104 of the State Finance and Procurement Article.\r\r(g) If construction of any waste disposal facility subject to the provisions of subsection (a) of this section is proposed within 1 mile of the border of an adjoining county, the government of the county in which construction is proposed shall provide the government of the adjoining county with a copy of the filings and notice of public hearings required under \u00a7 9-209 of the Environment Article.\r\r","history":null,"structure":{"0":{"label":"article","name":"Natural Resources","identifier":"gnr"}}}