{"section":"gnr-4-11A-03.2","catch_line":"There is an Aquaculture Coordinating Council....","text":"(a) There is an Aquaculture Coordinating Council.\r\r(b) The Coordinating Council shall consist of the following 17 members:\r\r(c) \r\r(d) \r\r(e) The Governor may remove a member for incompetence or misconduct.\r\r(f) The Coordinating Council may elect from among its members a chairman, vice-chairman, secretary and other officers it deems appropriate.\r\r(g) The Coordinating Council shall determine the time and place of its meetings.\r\r(h) The members of the Coordinating Council may not receive a salary, but shall be reimbursed for reasonable expenses incurred in attending meetings and other Council business, as provided under the Standard State Travel Regulations.\r\r","history":null,"structure":{"0":{"label":"article","name":"Natural Resources","identifier":"gnr"}}}