{"section":"gnr-8-2A-01","catch_line":"In this subtitle the following words have the meanings indicated....","text":"(a) In this subtitle the following words have the meanings indicated.\r\r(b) \"BayStat Program\" means the program established under \u00a7 8-2A-03 of this subtitle.\r\r(c) \r\r(d) \"Tributary strategies\" means each of Maryland's 10 watershed-specific plans as amended from time to time to reduce the amount of nitrogen, phosphorus, and sediment pollution that enters the Chesapeake and Atlantic Coastal Bays and their tributaries.\r\r(e) \"Trust Fund\" means the Chesapeake and Atlantic Coastal Bays 2010 Trust Fund.\r\r","history":null,"structure":{"0":{"label":"article","name":"Natural Resources","identifier":"gnr"}}}