{"section":"gnr-10-2A-01","catch_line":"In this subtitle the following words have the meanings indicated....","text":"(a) In this subtitle the following words have the meanings indicated.\r\r(b) \r\r(c) \"Ecosystem\" means a system of living organisms and their environment, each influencing the existence of the other and both necessary for the maintenance of life.\r\r(d) \r\r(e) \"Endangered Species Act\" means the Endangered Species Act of 1973, 87 Stat. 884.\r\r(f) \"Incidental taking\" means the taking of listed species that is incidental to, and not the purpose of, the carrying out of an otherwise lawful activity.\r\r(g) \"Nongame species\" means any wildlife species not legally classified as game birds or mammals, threatened species, or an endangered species by statute or regulation of the State.\r\r(h) \"Optimum carrying capacity\" means that point at which a given habitat can support healthy populations of wildlife species, having regard to the total ecosystem, without diminishing the ability of the habitat to continue that function.\r\r(i) \r\r(j) \"Species\" includes any subspecies of wildlife or plant and any other group of wildlife of the same species or smaller taxa in common spatial arrangement that interbreed when mature.\r\r(k) \"Take\" means to harass, harm, pursue, hunt, shoot, wound, kill, trap, capture, or collect, or to attempt to engage in any such conduct.\r\r(l) \"Threatened species\" means any species of wildlife or plants which appears likely, within the foreseeable future, to become endangered including any species of wildlife or plant determined to be a \"threatened species\" pursuant to the Endangered Species Act.\r\r","history":null,"structure":{"0":{"label":"article","name":"Natural Resources","identifier":"gnr"}}}