{"section":"gnr-5-9A-04","catch_line":"The Board has and may exercise all powers necessary to carry out the purposes of this subtitle....","text":"(a) The Board has and may exercise all powers necessary to carry out the purposes of this subtitle.\r\r(b) \r\r(c) \r\r(d) The Board and sponsors may enter into agreements with other governmental agencies, including the Maryland Agricultural Land Preservation Foundation and the Maryland Environmental Trust, for the purpose of establishing partnerships to carry out this Program.\r\r","history":null,"structure":{"0":{"label":"article","name":"Natural Resources","identifier":"gnr"}}}