{"section":"gnr-5-9B-02","catch_line":"The General Assembly declares that:...","text":"(a) The General Assembly declares that:\r\r(b) \r\r(c) \r\r(d) The local governing body may adopt regulations to implement a local land preservation program under this subtitle, including procedures for expediting acquisitions and purchasing and selling transferable development rights and using the proceeds related to purchasing and selling transferable development rights in accordance with local law.\r\r(e) \r\r(f) A local governing body may enter into agreements with other governmental units, including the Rural Legacy Board, the Maryland Agricultural Land Preservation Foundation, and the Maryland Environmental Trust, for the purpose of establishing partnerships to carry out a local land preservation program.\r\r","history":null,"structure":{"0":{"label":"article","name":"Natural Resources","identifier":"gnr"}}}