{"section":"gnr-5-9A-01","catch_line":"The General Assembly declares that:...","text":"(a) The General Assembly declares that:\r\r(b) \r\r(c) The Program is funded:\r\r(d) When negotiating and awarding grants, the Board shall encourage sponsors to utilize zero coupon bonds in the implementation of the Rural Legacy Plan in order to reduce the utilization of general obligation bonds in funding the grants.\r\r","history":null,"structure":{"0":{"label":"article","name":"Natural Resources","identifier":"gnr"}}}