{"section":"gnr-8-2A-04","catch_line":"...","text":"(a) The BayStat Program shall direct the administration of the Trust Fund in accordance with this section.\r\r(b) \r\r(c) \r\r(d) Any grant agreement regarding funds from the Trust Fund shall:\r\r(e) \r\r(f) Funds from the Trust Fund may not be used to enable an individual cited for noncompliance with a nonpoint source pollution control law or regulation to achieve compliance.\r\r(g) \r\r(h) The BayStat Subcabinet agencies may distribute to an administrative cost account the amount that is necessary to administer grant programs, not to exceed 1.5% of the allocations to the BayStat Subcabinet agencies.\r\r","history":null,"structure":{"0":{"label":"article","name":"Natural Resources","identifier":"gnr"}}}