{"section":"gps-14-8A-01","catch_line":"In this subtitle the following words have the meanings indicated....","text":"(a) In this subtitle the following words have the meanings indicated.\r\r(b) \"Governing body\" means:\r\r(c) \"National Capital Region\" means the area defined under \u00a7 2674(f)(2) of Title 10 of the United States Code, including those counties with a border abutting that area and any municipal corporations in those counties.\r\r","history":null,"structure":{"0":{"label":"article","name":"Public Safety","identifier":"gps"}}}