{"section":"gps-14-3A-03","catch_line":"After the Governor issues a proclamation under this subtitle, the Governor may issue the orders auth...","text":"(a) After the Governor issues a proclamation under this subtitle, the Governor may issue the orders authorized in this section.\r\r(b) \r\r(c) The Governor may order any health care provider, who does not voluntarily participate, to participate in disease surveillance, treatment, and suppression efforts or otherwise comply with the directives of the Secretary or other designated official.\r\r(d) \r\r","history":null,"structure":{"0":{"label":"article","name":"Public Safety","identifier":"gps"}}}