{"section":"gps-14-3A-01","catch_line":"In this subtitle the following words have the meanings indicated....","text":"(a) In this subtitle the following words have the meanings indicated.\r\r(b) \"Catastrophic health emergency\" means a situation in which extensive loss of life or serious disability is threatened imminently because of exposure to a deadly agent.\r\r(c) \"Deadly agent\" means:\r\r(d) \"Exposure to a deadly agent\" means a threat to human health caused by the release, distribution, or transmission of a deadly agent in:\r\r(e) \"Health care provider\" means:\r\r(f) \"Secretary\" means the Secretary of Health and Mental Hygiene.\r\r","history":null,"structure":{"0":{"label":"article","name":"Public Safety","identifier":"gps"}}}