{"section":"gps-14-8A-03","catch_line":"Any provision or part of a state, local, or municipal corporation statute, law, or ordinance that re...","text":"Any provision or part of a state, local, or municipal corporation statute, law, or ordinance that requires a mutual aid agreement to contain additional terms or conditions is inapplicable to an agreement authorized by and entered into under this subtitle.","history":null,"structure":{"0":{"label":"article","name":"Public Safety","identifier":"gps"}}}