{"section":"grp-8-5A-02","catch_line":"Subject to the requirements of subsections (b) and (c) of this section, a tenant may terminate the t...","text":"(a) Subject to the requirements of subsections (b) and (c) of this section, a tenant may terminate the tenant's future liability under a residential lease if the tenant or legal occupant is:\r\r(b) If a tenant or legal occupant is a victim of domestic violence or a victim of sexual assault, the tenant may provide to the landlord the written notice required under \u00a7 8-5A-03 or \u00a7 8-5A-04 of this subtitle and, if the written notice is provided, the tenant shall have 30 days to vacate the leased premises from the date of providing the written notice.\r\r(c) A tenant who vacates leased premises under this section is responsible for rent only for the 30 days following the tenant providing notice of an intent to vacate.\r\r(d) If a tenant does not vacate the leased premises within 30 days of providing to the landlord the written notice required under \u00a7 8-5A-03 or \u00a7 8-5A-04 of this subtitle, the landlord is, at the landlord's option and with written notice to the tenant, entitled to:\r\r(e) The termination of a tenant's future liability under a residential lease under this section does not terminate or in any other way impact the future liability of a tenant who is the respondent in the action that results in:\r\r","history":null,"structure":{"0":{"label":"article","name":"Real Property","identifier":"grp"}}}