{"section":"grp-8-5A-04","catch_line":"...","text":"(a) If a tenant or legal occupant is a victim of sexual assault, the tenant may terminate the tenant's future liability under a residential lease under \u00a7 8-5A-02 of this subtitle if the tenant provides the landlord with written notice by first-class mail or hand delivery of an intent to vacate the leased premises, including the tenant's or legal occupant's status as a victim of sexual assault.\r\r(b) The notice provided under subsection (a) of this section shall include:\r\r","history":null,"structure":{"0":{"label":"article","name":"Real Property","identifier":"grp"}}}