{"section":"grp-8-5A-01","catch_line":"...","text":"(a) In this subtitle the following words have the meanings indicated.\r\r(b) \"Legal occupant\" means an occupant who resides on the premises with the actual knowledge and permission of the landlord.\r\r(c) \"Offender\" means a person who commits an act of domestic violence or commits a sexual assault offense.\r\r(d) \"Peace order\" means an enforceable final peace order.\r\r(e) \"Protective order\" means an enforceable final protective order.\r\r(f) \"Victim of domestic violence\" means a person who is:\r\r(g) \"Victim of sexual assault\" means a person who is a victim of:\r\r","history":null,"structure":{"0":{"label":"article","name":"Real Property","identifier":"grp"}}}