{"section":"grp-8-5A-03","catch_line":"If a tenant or legal occupant is a victim of domestic violence, the tenant may terminate the tenant'...","text":"(a) If a tenant or legal occupant is a victim of domestic violence, the tenant may terminate the tenant's future liability under a residential lease under \u00a7 8-5A-02 of this subtitle if the tenant provides the landlord with written notice by first-class mail or hand delivery of an intent to vacate the premises and notice of the tenant's or legal occupant's status as a victim of domestic violence.\r\r(b) The notice provided under subsection (a) of this section shall include a copy of a protective order issued for the benefit of the tenant or legal occupant under \u00a7 4-506 of the Family Law Article.\r\r","history":null,"structure":{"0":{"label":"article","name":"Real Property","identifier":"grp"}}}