{"section":"gsf-5-7B-04","catch_line":"...","text":"(a) Except as otherwise provided in this subtitle, beginning October 1, 1998, the State may not provide funding for a growth-related project if the project is not located within a priority funding area.\r\r(b) In a priority funding area established under \u00a7 5-7B-03(c) or (e) of this subtitle in which water and sewer service is planned, a commitment for funding for a growth-related project shall be contingent upon nonstate funding for planned water and sewer service moving forward in advance of or concurrent with the State funding.\r\r(c) \r\r","history":null,"structure":{"0":{"label":"article","name":"State Financial and Procurement","identifier":"gsf"}}}