{"section":"gsf-5-7B-01","catch_line":"...","text":"(a) In this subtitle the following words have the meanings indicated.\r\r(b) \"Funding\" includes any form of assurance, guarantee, grant payment, credit, tax credit, or other assistance, including a loan, loan guarantee, or reduction in the principal obligation of, or rate of interest payable on, a loan or a portion of a loan.\r\r(c) \r\r(d) \"Limited peripheral development\" means development that is contiguous to an existing community and does not increase the size of the existing community or village by more than 10% of the existing number of dwelling units.\r\r(e) \"Locally designated growth area\" means an area determined by the county to be suitable for development in compliance with Title 1, Subtitle 4 or Title 3 of the Land Use Article.\r\r(f) \"Rural village\" means a rural village, village center, or other unincorporated area that is primarily residential, including an area with historic qualities, that is located in an otherwise rural or agricultural area and for which new growth, if any, would derive primarily from in-fill development or limited peripheral expansion.\r\r(g) \"Technical assistance\" means the provision of advice, consultation, training, information, or design, or architectural, organizational, or management assistance.\r\r","history":null,"structure":{"0":{"label":"article","name":"State Financial and Procurement","identifier":"gsf"}}}