{"section":"gsf-5-7B-03","catch_line":"...","text":"(a) \r\r(b) \r\r(c) \r\r(d) \r\r(e) An area, other than an existing community under subsection (d) of this section, may be designated as a priority funding area if:\r\r(f) \r\r(g) The designation by a county, municipal corporation, or multiple local governments as provided in subsection (a)(2) of this section, of a priority funding area under this section shall be based on:\r\r(h) For the purposes of this section, average density shall be calculated based on the total acreage of all parcels in the area for which the principal permitted use is residential, excluding land:\r\r","history":null,"structure":{"0":{"label":"article","name":"State Financial and Procurement","identifier":"gsf"}}}