{"section":"gsf-5-7A-02","catch_line":"...","text":"(a) \r\r(b) \r\r(c) By December 1, 1992 the Governor shall establish procedures for review of State projects under subsection (a) of this section, and each local jurisdiction shall establish procedures for the review of local projects under subsection (b) of this section, to:\r\r(d) Each local jurisdiction shall report on or before February 1 of each year to the State Economic Growth, Resource Protection, and Planning Commission on the number and type of projects approved under subsection (b)(2) of this section during the preceding calendar year, including a description of the extraordinary circumstances existing and the alternatives considered, together with any additional information required by the Commission.\r\r","history":null,"structure":{"0":{"label":"article","name":"State Financial and Procurement","identifier":"gsf"}}}