{"section":"gsg-9-20A-01","catch_line":"In this subtitle the following words have the meanings indicated....","text":"(a) In this subtitle the following words have the meanings indicated.\r\r(b) \"Administration\" means the Maryland Energy Administration.\r\r(c) \"Borrower\" means an eligible local jurisdiction, nonprofit organization, or eligible business that applies and qualifies for a loan under this Program.\r\r(d) \"Eligible business\" means a commercial enterprise or business:\r\r(e) \"Energy cost savings\" means the actual reduction in operating expenses resulting from the improved energy efficiency generated by an energy conservation project financed under the Program.\r\r(f) \"Fund\" means the Jane E. Lawton Conservation Fund.\r\r(g) \r\r(h) \"Municipality\" means any municipal corporation in the State that is subject to the provisions of Article XI-E of the Maryland Constitution or any duly authorized agency or instrumentality of the municipality.\r\r(i) \"Nonprofit organization\" means a corporation, foundation, school, hospital, or other legal entity, no part of the net earnings of which inure to the benefit of any private shareholder or individual holding an interest in the entity.\r\r(j) \"Program\" means the Jane E. Lawton Conservation Loan Program.\r\r(k) \r\r(l) \"Renewable energy resource\" has the meaning stated in \u00a7 1-101 of the Public Utilities Article.\r\r","history":null,"structure":{"0":{"label":"article","name":"State Government","identifier":"gsg"}}}