{"section":"gsg-9-1A-03","catch_line":"Except as provided in subsection (b) of this section, any additional forms or expansion of commercia...","text":"(a) Except as provided in subsection (b) of this section, any additional forms or expansion of commercial gaming other than as expressly provided in this subtitle are prohibited.\r\r(b) This subtitle, including the authority provided to the Commission under this subtitle, does not apply to:\r\r","history":null,"structure":{"0":{"label":"article","name":"State Government","identifier":"gsg"}}}