{"section":"gsg-9-8A-01","catch_line":"\/\/ EFFECTIVE UNTIL SEPTEMBER 30, 2014 PER CHAPTERS 537 AND 538 OF 2009 \/\/...","text":"(a) There is a Commission on the Establishment of a Maryland Women in Military Service Monument.\r\r(b) The Commission consists of the following members:\r\r(c) The members of the Commission shall elect the chair from among the Commission's members.\r\r(d) The Department of Veterans Affairs shall provide staff for the Commission.\r\r(e) A member of the Commission:\r\r(f) The Commission shall:\r\r(g) The Commission may enter into a written agreement or memorandum of understanding regarding the funding, design, construction, or placement of an appropriate monument with other government entities, including the federal government, a unit of State government, a county, or a municipality.\r\r(h) The Commission shall submit a final report on its activities, including a report on the status of the Maryland Women in Military Service Monument and any additional recommendations to the Governor and, subject to \u00a7 2-1246 of the State Government Article, the General Assembly on or before September 30, 2014.\r\r","history":null,"structure":{"0":{"label":"article","name":"State Government","identifier":"gsg"}}}