{"section":"gsg-2-10A-04","catch_line":"...","text":"(a) There is a Joint Committee on Welfare Reform.\r\r(b) \r\r(c) The members of the Committee serve at the pleasure of the presiding officer who appointed them.\r\r(d) The President and the Speaker shall jointly appoint a Senator and a Delegate each to serve as cochairman.\r\r(e) The Department of Legislative Services shall provide staff assistance to the Committee.\r\r(f) The Committee shall provide oversight of and study, as necessary, issues relating to the provision of FIP and related benefits and services, including:\r\r(g) The Secretary of Human Resources, in conjunction with the Secretary of Housing and Community Development and the Secretary of Health and Mental Hygiene, shall:\r\r(h) The report required under subsection (g)(3) of this section shall include:\r\r(i) The Committee shall submit an annual report to the General Assembly on or before January 1 of each year.\r\r","history":null,"structure":{"0":{"label":"article","name":"State Government","identifier":"gsg"}}}