{"section":"gsg-9-1A-01","catch_line":"In this subtitle the following words have the meanings indicated....","text":"(a) In this subtitle the following words have the meanings indicated.\r\r(b) \"Applicant\" means a person who applies for any license required under this subtitle.\r\r(c) \"Associated equipment\" means hardware located on the licensee's premises that is connected to the video lottery system for the purpose of performing communication, validation, or other functions, but not including the communication facilities of a regulated utility or the video lottery terminals.\r\r(d) \"Average payout percentage\" means the average percentage of money used by players to play a video lottery terminal that is returned to players of that video lottery terminal.\r\r(e) \"Award\" means the act, by the Video Lottery Facility Location Commission, of approving the issuance of a video lottery operation license by the State Lottery Commission to an applicant for the operation of video lottery terminals at a specified location.\r\r(f) \"Background investigation\" means a security, criminal, and credit investigation of a person who applies for or who is granted a license under this subtitle.\r\r(g) \"Career offender\" means a person whose behavior is pursued in an occupational manner or context for the purpose of economic gain and who utilizes methods that are deemed by the Commission as criminal violations inimical to the interest of the State.\r\r(h) \"Career offender cartel\" means a group of persons who operate together as career offenders.\r\r(i) \"Central monitor and control system\" means a central system provided to and controlled by the Commission to which video lottery terminals communicate for purposes of:\r\r(j) \"Central Repository\" means the Criminal Justice Information System Central Repository of the Department of Public Safety and Correctional Services.\r\r(k) \"Commission\" means the State Lottery and Gaming Control Commission.\r\r(l) \"Control\" means the authority to direct the management and policies of an applicant or licensee.\r\r(m) \"Costs\" means, unless the context otherwise requires, the expenses incurred by the Commission in the administration of this subtitle, including:\r\r(n) \"Family\" means spouse, parents, grandparents, children, grandchildren, siblings, uncles, aunts, nephews, nieces, fathers-in-law, mothers-in-law, daughters-in-law, sons-in-law, brothers-in-law, and sisters-in-law, whether by whole blood or half blood,  marriage, adoption, or natural relationship.\r\r(o) \"Institutional investor\" means:\r\r(p) \"License\" means, unless the context otherwise requires, a license required under this subtitle.\r\r(q) \"Licensee\" means an applicant who has been issued a license required under this subtitle.\r\r(r) \"Manufacturer\" means a person:\r\r(s) \"Own\" means having a beneficial or proprietary interest of at least 5% in the property or business of an applicant or licensee.\r\r(t) \"Player\" means an individual who plays a video lottery terminal at a video lottery facility licensed by the Commission.\r\r(u) \r\r(v) \"Progressive jackpot\" means a prize that increases as one or more video lottery terminals are connected to a progressive jackpot system.\r\r(w) \"Progressive jackpot system\" means a system capable of linking one or more video lottery terminals in one or more licensed facilities and offering one or more common progressive jackpots.\r\r(w-1) \"Table game equipment\" means equipment that is related to the operation of table games and that is owned or leased by the video lottery facility and located on the video lottery facility's premises.\r\r(w-2) \"Table games\" means:\r\r(x) \"Video lottery\" means gaming or betting conducted using a video lottery terminal.\r\r(y) \"Video lottery destination location\" means a location that is eligible for or has been awarded in the manner provided by law a video lottery operation license.\r\r(z) \"Video lottery employee\" means an employee of a person who holds a license.\r\r(aa) \"Video lottery facility\" means a facility at which players play video lottery terminals under this subtitle.\r\r(bb) \"Video lottery operation license\" means a license awarded by the Video Lottery Facility Location Commission and issued by the State Lottery Commission to a person that allows players to operate video lottery terminals.\r\r(cc) \"Video lottery operator\" means a person licensed to operate a video lottery facility under this subtitle.\r\r(dd) \r\r","history":null,"structure":{"0":{"label":"article","name":"State Government","identifier":"gsg"}}}