{"section":"gsg-2-10A-02","catch_line":"...","text":"(a) There is a Joint Committee on Health Care Delivery and Financing.\r\r(b) \r\r(c) The members of the Committee serve at the pleasure of the presiding officer who appointed them.\r\r(d) The President and the Speaker shall jointly appoint a Senator and a Delegate each to serve as cochairman.\r\r(e) The Department of Legislative Services shall provide staff assistance to the Committee.\r\r(f) The Committee shall provide oversight and study, as necessary, issues relating to health care delivery or financing, including but not limited to:\r\r(g) The Committee shall submit an annual report to the General Assembly on or before January 1 of each year.\r\r","history":null,"structure":{"0":{"label":"article","name":"State Government","identifier":"gsg"}}}