{"section":"gsg-9-20B-01","catch_line":"...","text":"(a) In this subtitle the following words have the meanings indicated.\r\r(b) \"Administration\" means the Maryland Energy Administration.\r\r(c) \"Board\" means the Strategic Energy Investment Advisory Board established under \u00a7 9-20B-07 of this subtitle.\r\r(d) \"Fund\" means the Maryland Strategic Energy Investment Fund.\r\r(e) \"Program\" means the Maryland Strategic Energy Investment Program.\r\r","history":null,"structure":{"0":{"label":"article","name":"State Government","identifier":"gsg"}}}