{"section":"gsg-8-3A-01","catch_line":"...","text":"(a) \r\r(b) The Office may not direct or overrule an appointing authority, the Secretary of Budget and Management, or any unit of the Department of Budget and Management, on any decision to appoint, promote, transfer, reassign, discipline, or terminate an employee under the jurisdiction of the appointing authority.\r\r(c) Only an appointing authority may delegate in writing the authority to act on the appointing authority's behalf, but only to an employee or officer under the jurisdiction of the appointing authority.\r\r(d) An appointing authority may not delegate the authority to make the final decision on the termination of an employee.\r\r(e) An appointing authority shall notify the Secretary of Budget and Management of any delegation of authority authorized under this section by providing the Secretary a copy of the delegation.\r\r","history":null,"structure":{"0":{"label":"article","name":"State Government","identifier":"gsg"}}}