{"section":"gsg-2-10A-01","catch_line":"...","text":"(a) There is a Joint Committee on the Chesapeake and Atlantic Coastal Bays Critical Area.\r\r(b) \r\r(c) The members of the Committee serve at the pleasure of the presiding officer who appointed them.\r\r(d) The President and the Speaker shall jointly appoint a Senator and a Delegate each to serve as cochairman.\r\r(e) The Department of Legislative Services shall provide staff assistance to the Committee.\r\r(f) The Critical Area Commission for the Chesapeake and Atlantic Coastal Bays shall meet with the Committee periodically as the Committee requests to review development and implementation of the criteria for program development.\r\r(g) The Committee may study and make recommendations to the Legislative Policy Committee on any other area of the Chesapeake and Atlantic Coastal Bays Critical Area Protection Program the Committee considers appropriate.\r\r(h) The Committee shall meet with the Critical Area Commission for the Chesapeake and Atlantic Coastal Bays, representatives of counties and municipalities having land within the critical areas, and any other interested parties to study and determine:\r\r(i) The Committee shall study and determine the appropriate future role of the Critical Area Commission for the Chesapeake and Atlantic Coastal Bays, including:\r\r(j) \r\r","history":null,"structure":{"0":{"label":"article","name":"State Government","identifier":"gsg"}}}