{"section":"gsg-8-3A-02","catch_line":"...","text":"(a) On or before December 1 of each gubernatorial election year:\r\r(b) The Secretary of Transportation shall provide the list of employees required under subsection (a)(2) of this section to the Secretary of Budget and Management on or before December 15 of each gubernatorial election year.\r\r(c) In accordance with \u00a7 2-1246 of this article, on or before December 31 of each gubernatorial election year, the Secretary of Budget and Management shall submit a report to the Governor, the President of the Senate, and the Speaker of the House of Delegates on the total number of State employees employed with regard to political affiliation, belief, or opinion under this section.\r\r","history":null,"structure":{"0":{"label":"article","name":"State Government","identifier":"gsg"}}}