{"section":"gsg-2-10A-03","catch_line":"...","text":"(a) There is a Joint Committee on Workers' Compensation Benefit and Insurance Oversight.\r\r(b) \r\r(c) The members of the Committee serve at the pleasure of the presiding officer who appointed them.\r\r(d) The President and the Speaker shall jointly appoint a Senator and a Delegate each to serve as cochair.\r\r(e) \r\r(f) The Insurance Commissioner and the Workers' Compensation Commission shall:\r\r(g) The Committee shall report to the Governor and the Legislative Policy Committee on December 31 of each year.\r\r","history":null,"structure":{"0":{"label":"article","name":"State Government","identifier":"gsg"}}}