{"section":"gsg-9-1A-04","catch_line":"The Commission shall:...","text":"(a) The Commission shall:\r\r(b) The Commission may:\r\r(c) Except as otherwise provided in this subtitle, the Commission shall conduct a hearing in the same manner as specified in Title 10, Subtitle 2 of this article.\r\r(d) The Commission shall adopt regulations that include the following specific provisions in accordance with this subtitle:\r\r(e) \r\r(f) \r\r(g) The Commission may not charge a video lottery facility a fee to offer table games.\r\r(h) The Commission may not permit the operation of video lottery terminals in Prince George's County before the earlier of July 1, 2016, or 30 months after the video lottery facility in Baltimore City is open to the public.\r\r","history":null,"structure":{"0":{"label":"article","name":"State Government","identifier":"gsg"}}}