{"section":"gsp-31-2B-03","catch_line":"If at least 60% of the local detention center officers of an eligible governmental unit who are memb...","text":"If at least 60% of the local detention center officers of an eligible governmental unit who are members of a local pension system or State system petition to become members of the Correctional Officers' Retirement System, the legislative body of the eligible governmental unit may approve the participation of these local detention center officers in the Correctional Officers' Retirement System as though the local pension system were not in operation.","history":null,"structure":{"0":{"label":"article","name":"State Personnel and Pensions","identifier":"gsp"}}}