{"section":"gsp-31-2A-01","catch_line":"In this subtitle the following words have the meanings indicated....","text":"(a) In this subtitle the following words have the meanings indicated.\r\r(b) \"Effective date\" means the date that an eligible governmental unit commenced or commences participation in the Law Enforcement Officers' Pension System.\r\r(c) \"Eligible governmental unit\" means a governmental unit that is eligible to participate in the Law Enforcement Officers' Pension System under \u00a7 31-2A-02 of this subtitle.\r\r(d) \r\r(e) \"Law enforcement officer\" means an individual certified by the Maryland Police Training Commission as a law enforcement officer.\r\r(f) \"Local pension system\" means a retirement or pension system established by the legislative body of an eligible governmental unit.\r\r(g) \"State system\" has the meaning stated in \u00a7 20-101(pp) of this article.\r\r","history":null,"structure":{"0":{"label":"article","name":"State Personnel and Pensions","identifier":"gsp"}}}