{"section":"gsp-31-2B-01","catch_line":"In this subtitle the following words have the meanings indicated....","text":"(a) In this subtitle the following words have the meanings indicated.\r\r(b) \"Effective date\" means the date that an eligible governmental unit commenced or commences participation in the Correctional Officers' Retirement System.\r\r(c) \"Eligible governmental unit\" means a governmental unit that is eligible to participate in the Correctional Officers' Retirement System under \u00a7 31-2B-02 of this subtitle.\r\r(d) \"Local detention center officer\" means an individual who works as a detention center officer for an eligible governmental unit.\r\r(e) \"Local pension system\" means a retirement or pension system established by the legislative body of an eligible governmental unit.\r\r(f) \"State system\" has the meaning stated in \u00a7 20-101(pp) of this article.\r\r","history":null,"structure":{"0":{"label":"article","name":"State Personnel and Pensions","identifier":"gsp"}}}