{"section":"gsp-3-2A-02","catch_line":"The Board consists of the following five members:...","text":"(a) The Board consists of the following five members:\r\r(b) Before taking office, each member shall take the oath required by Article I, \u00a7 9 of the Maryland Constitution.\r\r(c) With the advice of the governing boards of State institutions of higher education, the Governor shall designate a chairman from among the members of the Board.\r\r(d) \r\r(e) The Governor may remove a member for incompetence or misconduct.\r\r(f) In making appointments to the Board, the Governor shall ensure, to the extent practicable, that:\r\r","history":null,"structure":{"0":{"label":"article","name":"State Personnel and Pensions","identifier":"gsp"}}}