{"section":"gsp-31-2A-04","catch_line":"If a law enforcement officer, firefighter, or paramedic joins the Law Enforcement Officers' Pension ...","text":"If a law enforcement officer, firefighter, or paramedic joins the Law Enforcement Officers' Pension System on the effective date, the member is entitled to credit for employment with the participating governmental unit before the effective date.","history":null,"structure":{"0":{"label":"article","name":"State Personnel and Pensions","identifier":"gsp"}}}