{"section":"gtg-11-1A-01","catch_line":"In this subtitle the following words have the meanings indicated....","text":"(a) In this subtitle the following words have the meanings indicated.\r\r(b) \r\r(c) \"Owner\" means the person or governmental entity that has a capital investment in a facility and that for federal income tax purposes is entitled to deduct depreciation on the facility or would be entitled to the deduction if subject to the federal income tax.\r\r(d) \"Public service company\" has the meaning stated in \u00a7 8-401 of this article.\r\r(e) \"Special use tax on electricity\" means the tax imposed under this subtitle.\r\r","history":null,"structure":{"0":{"label":"article","name":"Tax - General","identifier":"gtg"}}}