{"section":"gtg-11-1A-02","catch_line":"In addition to any tax imposed under \u00a7 11-102 of this title, except as provided in subsection (b) o...","text":"(a) In addition to any tax imposed under \u00a7 11-102 of this title, except as provided in subsection (b) of this section, a tax is imposed on the use, in the State, of electricity that is not delivered by a public service company.\r\r(b) The special use tax on electricity does not apply to the use of:\r\r","history":null,"structure":{"0":{"label":"article","name":"Tax - General","identifier":"gtg"}}}