{"section":"gtr-21-10A-03","catch_line":"A vehicle may not be towed or otherwise removed from a parking lot to a location that is:...","text":"(a) A vehicle may not be towed or otherwise removed from a parking lot to a location that is:\r\r(b) A local jurisdiction may establish a maximum distance from a parking lot to a towed vehicle storage facility that is different than that established under subsection (a)(1) of this section.\r\r","history":null,"structure":{"0":{"label":"article","name":"Transportation","identifier":"gtr"}}}