{"section":"gtr-21-10A-02","catch_line":"The owner or operator of a parking lot or the owner's or operator's agent may not have a vehicle tow...","text":"(a) The owner or operator of a parking lot or the owner's or operator's agent may not have a vehicle towed or otherwise removed from the parking lot unless the owner, operator, or agent has placed in conspicuous locations, as described in subsection (b) of this section, signs that:\r\r(b) The signs described in subsection (a) of this section shall be placed to provide at least 1 sign for every 7,500 square feet of parking space in the parking lot.\r\r","history":null,"structure":{"0":{"label":"article","name":"Transportation","identifier":"gtr"}}}