{"section":"gtr-5-4A-01","catch_line":"...","text":"(a) \r\r(b) It is the intent of the Maryland General Assembly to establish and preserve airport districts for the purpose of:\r\r(c) \r\r(d) A county or municipal corporation may coordinate its acquisition of an easement in an airport district with other programs and shall dedicate such funds to the acquisition as it considers appropriate.\r\r(e) \r\r(f) Acquisition of an easement by a county or municipal corporation does not grant to the public a right of access or right of use of the airport district.\r\r(g) A county or municipal corporation may adopt regulations and procedures for administering this section.\r\r(h) Nothing in this section shall prohibit a landowner from selling the landowner's property.\r\r(i) \r\r(j) In the event of condemnation of land under an airport preservation easement, the condemning authority shall pay:\r\r","history":null,"structure":{"0":{"label":"article","name":"Transportation","identifier":"gtr"}}}